<?xml version="1.0" encoding="utf-8" ?>
<dwsync>
<file name="LICENSE" server="ftp.myamyacf.com" local="131770090800000000" remote="131770090800000000" Dst="2" />
<file name="background.jpeg" server="ftp.myamyacf.com" local="131770090800000000" remote="131770090800000000" Dst="2" />
<file name="background.jpeg" server="C:/wamp64/www/exflygo_com/" local="131770090800000000" remote="131770090800000000" Dst="2" />
<file name="LICENSE" server="C:/wamp64/www/exflygo_com/" local="131770090800000000" remote="131770090800000000" Dst="2" />
<file name="LICENSE" server="exfligo.myamyacf.com" local="131770090800000000" remote="131791715400000000" Dst="2" />
<file name="background.jpeg" server="exfligo.myamyacf.com" local="131770090800000000" remote="131791715400000000" Dst="2" />
<file name="background.jpeg" server="C:/wamp64/www/exfligo.com/" local="131770090800000000" remote="131770090800000000" Dst="2" />
<file name="LICENSE" server="C:/wamp64/www/exfligo.com/" local="131770090800000000" remote="131770090800000000" Dst="2" />
<file name="background.jpeg" server="C:/xampp/htdocs/exfligo.com/" local="131770126800000000" remote="131770126800000000" Dst="1" />
<file name="LICENSE" server="C:/xampp/htdocs/exfligo.com/" local="131770126800000000" remote="131770126800000000" Dst="1" />
</dwsync>