<?xml version="1.0" encoding="utf-8" ?>
<dwsync>
<file name="cache.php" server="C:/wamp64/www/markkiinotes_com/" local="131788159859100933" remote="131788159850000000" Dst="2" />
<file name="cache_footer.php" server="C:/wamp64/www/markkiinotes_com/" local="131787146094960149" remote="131787146090000000" Dst="2" />
<file name="cache.php" server="ftp.markkiinotes.com" local="131788159859100933" remote="131788123800000000" Dst="2" />
<file name="cache_footer.php" server="ftp.markkiinotes.com" local="131787146094960149" remote="131787139800000000" Dst="2" />
<file name="cache.php" server="ftp.myamyacf.com" local="131789447234718694" remote="131789413200000000" Dst="2" />
<file name="cache_footer.php" server="ftp.myamyacf.com" local="131787146094960149" remote="131789413200000000" Dst="2" />
<file name="cache.php" server="C:/wamp64/www/exflygo_com/" local="131791747193889650" remote="131791747190000000" Dst="2" />
<file name="cache_footer.php" server="C:/wamp64/www/exflygo_com/" local="131787146094960149" remote="131787146090000000" Dst="2" />
<file name="cache.php" server="exfligo.myamyacf.com" local="131791747193889650" remote="131791711200000000" Dst="2" />
<file name="cache_footer.php" server="exfligo.myamyacf.com" local="131787146094960149" remote="131791712400000000" Dst="2" />
<file name="cache.php" server="C:/wamp64/www/exfligo.com/" local="131791747193889650" remote="131791747190000000" Dst="2" />
<file name="cache_footer.php" server="C:/wamp64/www/exfligo.com/" local="131787146094960149" remote="131787146090000000" Dst="2" />
<file name="cache.php" server="C:/wamp64/www/exfligo.com" local="131791747193889650" remote="131791747190000000" Dst="2" />
<file name="cache_footer.php" server="C:/wamp64/www/exfligo.com" local="131787146094960149" remote="131787146090000000" Dst="2" />
<file name="cache.php" server="C:/xampp/htdocs/exfligo.com/" local="132870273248188440" remote="132870237240000000" Dst="2" />
<file name="cache_footer.php" server="C:/xampp/htdocs/exfligo.com/" local="131787182090000000" remote="131787182090000000" Dst="1" />
</dwsync>