<?xml version="1.0" encoding="utf-8" ?>
<dwsync>
<file name="icon_account.svg" server="C:/xampp/htdocs/Exflygo_com/" local="131751227196813957" remote="131751227190000000" Dst="2" />
<file name="exfygo_logo.svg" server="C:/xampp/htdocs/Exflygo_com/" local="131751230257714726" remote="131751230250000000" Dst="2" />
<file name="bangkok graphic.jpg" server="C:/xampp/htdocs/Exflygo_com/" local="131730211009881974" remote="131730211000000000" Dst="2" />
<file name="bangkok1.jpg" server="C:/xampp/htdocs/Exflygo_com/" local="131730210356950724" remote="131730210350000000" Dst="2" />
<file name="bangkok2.jpg" server="C:/xampp/htdocs/Exflygo_com/" local="131730210512521563" remote="131730210510000000" Dst="2" />
<file name="bangkok3.jpg" server="C:/xampp/htdocs/Exflygo_com/" local="131730210692150683" remote="131730210690000000" Dst="2" />
<file name="exflygo_logo.svg" server="C:/xampp/htdocs/Exflygo_com/" local="131751284306753354" remote="131751284300000000" Dst="2" />
<file name="facebook.svg" server="C:/xampp/htdocs/Exflygo_com/" local="131752039704478776" remote="131752039700000000" Dst="2" />
<file name="facebook.png" server="C:/xampp/htdocs/Exflygo_com/" local="131752040789048010" remote="131752040780000000" Dst="2" />
<file name="twitter.png" server="C:/xampp/htdocs/Exflygo_com/" local="131752041256780562" remote="131752041250000000" Dst="2" />
<file name="instagram.png" server="C:/xampp/htdocs/Exflygo_com/" local="131752041566782140" remote="131752041560000000" Dst="2" />
<file name="linkedin.png" server="C:/xampp/htdocs/Exflygo_com/" local="131752041867795899" remote="131752041860000000" Dst="2" />
<file name="pintrest.png" server="C:/xampp/htdocs/Exflygo_com/" local="131752042002774719" remote="131752042000000000" Dst="2" />
<file name="Night_panorama_of_Dubai_Downtown_-_the_UAE.jpg" server="C:/xampp/htdocs/Exflygo_com/" local="131640639958169843" remote="131640603950000000" Dst="2" />
<file name="Port_in_Kotor_on_the_background_of_the_mountain.jpg" server="C:/xampp/htdocs/Exflygo_com/" local="131640640822362799" remote="131640604820000000" Dst="2" />
<file name="icon_arrow_left.svg" server="C:/xampp/htdocs/Exflygo_com/" local="131754782639385541" remote="131754782630000000" Dst="2" />
<file name="Aerial_panoramic_view_of_a_big_futuristic_city_by_night._Business_bay,_Dubai,_United_Arab_Emirates._Nighttime_skyline.jpg" server="C:/xampp/htdocs/Exflygo_com/" local="131640639810538995" remote="131640603810000000" Dst="2" />
<file name="icon_arrow_right.svg" server="C:/xampp/htdocs/Exflygo_com/" local="131754792321338745" remote="131754792320000000" Dst="2" />
<file name="Aerial_panoramic_view_of_a_big_futuristic_city_by_night._Business_bay,_Dubai,_United_Arab_Emirates._Nighttime_skyline.jpg" server="C:/wamp64/www/exflygo_com/" local="131784074400000000" remote="131784074400000000" Dst="2" />
<file name="bangkok graphic.jpg" server="C:/wamp64/www/exflygo_com/" local="131784074400000000" remote="131784074400000000" Dst="2" />
<file name="bangkok1.jpg" server="C:/wamp64/www/exflygo_com/" local="131784074400000000" remote="131784074400000000" Dst="2" />
<file name="bangkok2.jpg" server="C:/wamp64/www/exflygo_com/" local="131784074400000000" remote="131784074400000000" Dst="2" />
<file name="bangkok3.jpg" server="C:/wamp64/www/exflygo_com/" local="131784074400000000" remote="131784074400000000" Dst="2" />
<file name="exflygo_logo.svg" server="C:/wamp64/www/exflygo_com/" local="131751284306753354" remote="131751284300000000" Dst="2" />
<file name="exfygo_logo.svg" server="C:/wamp64/www/exflygo_com/" local="131784074400000000" remote="131784074400000000" Dst="2" />
<file name="facebook.png" server="C:/wamp64/www/exflygo_com/" local="131784074400000000" remote="131784074400000000" Dst="2" />
<file name="facebook.svg" server="C:/wamp64/www/exflygo_com/" local="131784074400000000" remote="131784074400000000" Dst="2" />
<file name="icon_account.svg" server="C:/wamp64/www/exflygo_com/" local="131751227196813957" remote="131751227190000000" Dst="2" />
<file name="icon_arrow_left.svg" server="C:/wamp64/www/exflygo_com/" local="131784074400000000" remote="131784074400000000" Dst="2" />
<file name="icon_arrow_right.svg" server="C:/wamp64/www/exflygo_com/" local="131784074400000000" remote="131784074400000000" Dst="2" />
<file name="instagram.png" server="C:/wamp64/www/exflygo_com/" local="131784075000000000" remote="131784075000000000" Dst="2" />
<file name="linkedin.png" server="C:/wamp64/www/exflygo_com/" local="131784075000000000" remote="131784075000000000" Dst="2" />
<file name="Night_panorama_of_Dubai_Downtown_-_the_UAE.jpg" server="C:/wamp64/www/exflygo_com/" local="131784075000000000" remote="131784075000000000" Dst="2" />
<file name="pintrest.png" server="C:/wamp64/www/exflygo_com/" local="131784075000000000" remote="131784075000000000" Dst="2" />
<file name="Port_in_Kotor_on_the_background_of_the_mountain.jpg" server="C:/wamp64/www/exflygo_com/" local="131640640822362799" remote="131640604820000000" Dst="2" />
<file name="Pyramids_of_Giza,_Cairo.jpg" server="C:/wamp64/www/exflygo_com/" local="131784075000000000" remote="131784075000000000" Dst="2" />
<file name="twitter.png" server="C:/wamp64/www/exflygo_com/" local="131784075000000000" remote="131784075000000000" Dst="2" />
<file name="Port_in_Kotor_on_the_background_of_the_mountain.jpg" server="ftp.myamyacf.com" local="131640640822362799" remote="131789896800000000" Dst="2" />
<file name="exflygo_logo.svg" server="ftp.myamyacf.com" local="131751284306753354" remote="131789896800000000" Dst="2" />
<file name="icon_account.svg" server="ftp.myamyacf.com" local="131751227196813957" remote="131789896800000000" Dst="2" />
<file name="twitter.png" server="ftp.myamyacf.com" local="131784075000000000" remote="131789896800000000" Dst="2" />
<file name="Pyramids_of_Giza,_Cairo.jpg" server="ftp.myamyacf.com" local="131784075000000000" remote="131789896800000000" Dst="2" />
<file name="pintrest.png" server="ftp.myamyacf.com" local="131784075000000000" remote="131789896800000000" Dst="2" />
<file name="Night_panorama_of_Dubai_Downtown_-_the_UAE.jpg" server="ftp.myamyacf.com" local="131784075000000000" remote="131789896800000000" Dst="2" />
<file name="linkedin.png" server="ftp.myamyacf.com" local="131784075000000000" remote="131789896800000000" Dst="2" />
<file name="instagram.png" server="ftp.myamyacf.com" local="131784075000000000" remote="131789896800000000" Dst="2" />
<file name="icon_arrow_right.svg" server="ftp.myamyacf.com" local="131784074400000000" remote="131789896800000000" Dst="2" />
<file name="icon_arrow_left.svg" server="ftp.myamyacf.com" local="131784074400000000" remote="131789896800000000" Dst="2" />
<file name="facebook.svg" server="ftp.myamyacf.com" local="131784074400000000" remote="131789896800000000" Dst="2" />
<file name="facebook.png" server="ftp.myamyacf.com" local="131784074400000000" remote="131789896800000000" Dst="2" />
<file name="exfygo_logo.svg" server="ftp.myamyacf.com" local="131784074400000000" remote="131789896800000000" Dst="2" />
<file name="bangkok3.jpg" server="ftp.myamyacf.com" local="131784074400000000" remote="131789896800000000" Dst="2" />
<file name="bangkok2.jpg" server="ftp.myamyacf.com" local="131784074400000000" remote="131789896800000000" Dst="2" />
<file name="bangkok1.jpg" server="ftp.myamyacf.com" local="131784074400000000" remote="131789896800000000" Dst="2" />
<file name="bangkok graphic.jpg" server="ftp.myamyacf.com" local="131784074400000000" remote="131789896800000000" Dst="2" />
<file name="Aerial_panoramic_view_of_a_big_futuristic_city_by_night._Business_bay,_Dubai,_United_Arab_Emirates._Nighttime_skyline.jpg" server="ftp.myamyacf.com" local="131784074400000000" remote="131789896800000000" Dst="2" />
<file name="Port_in_Kotor_on_the_background_of_the_mountain.jpg" server="C:/wamp64/www/exfligo.com/" local="131640640822362799" remote="131640604820000000" Dst="2" />
<file name="Aerial_panoramic_view_of_a_big_futuristic_city_by_night._Business_bay,_Dubai,_United_Arab_Emirates._Nighttime_skyline.jpg" server="C:/wamp64/www/exfligo.com/" local="131784074400000000" remote="131784074400000000" Dst="2" />
<file name="bangkok graphic.jpg" server="C:/wamp64/www/exfligo.com/" local="131784074400000000" remote="131784074400000000" Dst="2" />
<file name="bangkok1.jpg" server="C:/wamp64/www/exfligo.com/" local="131784074400000000" remote="131784074400000000" Dst="2" />
<file name="bangkok2.jpg" server="C:/wamp64/www/exfligo.com/" local="131784074400000000" remote="131784074400000000" Dst="2" />
<file name="bangkok3.jpg" server="C:/wamp64/www/exfligo.com/" local="131784074400000000" remote="131784074400000000" Dst="2" />
<file name="exflygo_logo.svg" server="C:/wamp64/www/exfligo.com/" local="131751284306753354" remote="131751284300000000" Dst="2" />
<file name="exfygo_logo.svg" server="C:/wamp64/www/exfligo.com/" local="131784074400000000" remote="131784074400000000" Dst="2" />
<file name="facebook.png" server="C:/wamp64/www/exfligo.com/" local="131784074400000000" remote="131784074400000000" Dst="2" />
<file name="facebook.svg" server="C:/wamp64/www/exfligo.com/" local="131784074400000000" remote="131784074400000000" Dst="2" />
<file name="icon_account.svg" server="C:/wamp64/www/exfligo.com/" local="131751227196813957" remote="131751227190000000" Dst="2" />
<file name="icon_arrow_left.svg" server="C:/wamp64/www/exfligo.com/" local="131784074400000000" remote="131784074400000000" Dst="2" />
<file name="icon_arrow_right.svg" server="C:/wamp64/www/exfligo.com/" local="131784074400000000" remote="131784074400000000" Dst="2" />
<file name="instagram.png" server="C:/wamp64/www/exfligo.com/" local="131784075000000000" remote="131784075000000000" Dst="2" />
<file name="linkedin.png" server="C:/wamp64/www/exfligo.com/" local="131784075000000000" remote="131784075000000000" Dst="2" />
<file name="Night_panorama_of_Dubai_Downtown_-_the_UAE.jpg" server="C:/wamp64/www/exfligo.com/" local="131784075000000000" remote="131784075000000000" Dst="2" />
<file name="pintrest.png" server="C:/wamp64/www/exfligo.com/" local="131784075000000000" remote="131784075000000000" Dst="2" />
<file name="Pyramids_of_Giza,_Cairo.jpg" server="C:/wamp64/www/exfligo.com/" local="131784075000000000" remote="131784075000000000" Dst="2" />
<file name="twitter.png" server="C:/wamp64/www/exfligo.com/" local="131784075000000000" remote="131784075000000000" Dst="2" />
<file name="Aerial_panoramic_view_of_a_big_futuristic_city_by_night._Business_bay,_Dubai,_United_Arab_Emirates._Nighttime_skyline.jpg" server="C:/xampp/htdocs/exfligo.com/" local="131784110400000000" remote="131784110400000000" Dst="1" />
<file name="bangkok graphic.jpg" server="C:/xampp/htdocs/exfligo.com/" local="131784110400000000" remote="131784110400000000" Dst="1" />
<file name="bangkok1.jpg" server="C:/xampp/htdocs/exfligo.com/" local="131784110400000000" remote="131784110400000000" Dst="1" />
<file name="bangkok2.jpg" server="C:/xampp/htdocs/exfligo.com/" local="131784110400000000" remote="131784110400000000" Dst="1" />
<file name="bangkok3.jpg" server="C:/xampp/htdocs/exfligo.com/" local="131784110400000000" remote="131784110400000000" Dst="1" />
<file name="exflygo_logo.svg" server="C:/xampp/htdocs/exfligo.com/" local="131751320300000000" remote="131751320300000000" Dst="1" />
<file name="exfygo_logo.svg" server="C:/xampp/htdocs/exfligo.com/" local="131784110400000000" remote="131784110400000000" Dst="1" />
<file name="facebook.png" server="C:/xampp/htdocs/exfligo.com/" local="131784110400000000" remote="131784110400000000" Dst="1" />
<file name="facebook.svg" server="C:/xampp/htdocs/exfligo.com/" local="131784110400000000" remote="131784110400000000" Dst="1" />
<file name="icon_account.svg" server="C:/xampp/htdocs/exfligo.com/" local="131751263190000000" remote="131751263190000000" Dst="1" />
<file name="icon_arrow_left.svg" server="C:/xampp/htdocs/exfligo.com/" local="131784110400000000" remote="131784110400000000" Dst="1" />
<file name="icon_arrow_right.svg" server="C:/xampp/htdocs/exfligo.com/" local="131784110400000000" remote="131784110400000000" Dst="1" />
<file name="instagram.png" server="C:/xampp/htdocs/exfligo.com/" local="131784111000000000" remote="131784111000000000" Dst="1" />
<file name="linkedin.png" server="C:/xampp/htdocs/exfligo.com/" local="131784111000000000" remote="131784111000000000" Dst="1" />
<file name="Night_panorama_of_Dubai_Downtown_-_the_UAE.jpg" server="C:/xampp/htdocs/exfligo.com/" local="131784111000000000" remote="131784111000000000" Dst="1" />
<file name="pintrest.png" server="C:/xampp/htdocs/exfligo.com/" local="131784111000000000" remote="131784111000000000" Dst="1" />
<file name="Pyramids_of_Giza,_Cairo.jpg" server="C:/xampp/htdocs/exfligo.com/" local="131784111000000000" remote="131784111000000000" Dst="1" />
<file name="twitter.png" server="C:/xampp/htdocs/exfligo.com/" local="131784111000000000" remote="131784111000000000" Dst="1" />
<file name="Port_in_Kotor_on_the_background_of_the_mountain.jpg" server="C:/xampp/htdocs/exfligo.com/" local="131640640822362799" remote="131640604820000000" Dst="2" />
</dwsync>