<?xml version="1.0" encoding="utf-8" ?>
<dwsync>
<file name="index.php" server="C:/xampp/htdocs/Exflygo_com/" local="131754813322724932" remote="131754813320000000" Dst="2" />
<file name=".gitignore" server="C:/xampp/htdocs/Exflygo_com/" local="131751157296010417" remote="131751157290000000" Dst="2" />
<file name="sign_up.php" server="C:/xampp/htdocs/Exflygo_com/" local="131751205590000000" remote="131751205590000000" Dst="2" />
<file name=".gitignore" server="C:/wamp64/www/exflygo_com/" local="131751157296010417" remote="131751157290000000" Dst="2" />
<file name="index.php" server="C:/wamp64/www/exflygo_com/" local="131791749565634778" remote="131791749560000000" Dst="2" />
<file name="sign_up.php" server="C:/wamp64/www/exflygo_com/" local="131789954767095895" remote="131789954760000000" Dst="2" />
<file name=".gitignore" server="ftp.myamyacf.com" local="131751157296010417" remote="131789913600000000" Dst="2" />
<file name="index.php" server="ftp.myamyacf.com" local="131789907970603503" remote="131789913600000000" Dst="2" />
<file name="sign_up.php" server="ftp.myamyacf.com" local="131789921961268950" remote="131789913600000000" Dst="2" />
<file name="pages_temp.php" server="C:/wamp64/www/exflygo_com/" local="131791879647374803" remote="131791879640000000" Dst="2" />
<file name="sitemap.xml" server="ftp.myamyacf.com" local="131770090800000000" remote="131789913600000000" Dst="2" />
<file name="php.ini" server="ftp.myamyacf.com" local="131789335800000000" remote="131789913600000000" Dst="2" />
<file name="LICENSE.txt" server="ftp.myamyacf.com" local="131770090800000000" remote="131789913600000000" Dst="2" />
<file name=".user.ini" server="ftp.myamyacf.com" local="131789335800000000" remote="131789913600000000" Dst="2" />
<file name=".htaccess" server="ftp.myamyacf.com" local="131789344800000000" remote="131789913600000000" Dst="2" />
<file name=".ftpquota" server="ftp.myamyacf.com" local="131789892600000000" remote="131789892600000000" Dst="2" />
<file name="register.php" server="C:/wamp64/www/exflygo_com/" local="131791848551469765" remote="131791848550000000" Dst="2" />
<file name="register_error.php" server="C:/wamp64/www/exflygo_com/" local="131789922791104099" remote="131789922790000000" Dst="2" />
<file name="login_error.php" server="C:/wamp64/www/exflygo_com/" local="131789923219858001" remote="131789923210000000" Dst="2" />
<file name="login_error.php" server="ftp.myamyacf.com" local="131789923219858001" remote="131789913600000000" Dst="2" />
<file name="pages_temp.php" server="ftp.myamyacf.com" local="131789493407178207" remote="131789913600000000" Dst="2" />
<file name="register.php" server="ftp.myamyacf.com" local="131789922354846481" remote="131789913600000000" Dst="2" />
<file name="register_error.php" server="ftp.myamyacf.com" local="131789922791104099" remote="131789913600000000" Dst="2" />
<file name=".ftpquota" server="C:/wamp64/www/exflygo_com/" local="131789892600000000" remote="131789892600000000" Dst="2" />
<file name=".htaccess" server="C:/wamp64/www/exflygo_com/" local="131790302817674604" remote="131790302810000000" Dst="2" />
<file name=".user.ini" server="C:/wamp64/www/exflygo_com/" local="131789335800000000" remote="131789335800000000" Dst="2" />
<file name="flights.php" server="C:/wamp64/www/exflygo_com/" local="131791877745262737" remote="131791877740000000" Dst="2" />
<file name="forgot_password.php" server="C:/wamp64/www/exflygo_com/" local="131790320750000000" remote="131790320750000000" Dst="2" />
<file name="hotels.php" server="C:/wamp64/www/exflygo_com/" local="131791923118554102" remote="131791923110000000" Dst="2" />
<file name="LICENSE.txt" server="C:/wamp64/www/exflygo_com/" local="131790302884898798" remote="131790302880000000" Dst="2" />
<file name="packages.php" server="C:/wamp64/www/exflygo_com/" local="131790321410000000" remote="131790321410000000" Dst="2" />
<file name="php.ini" server="C:/wamp64/www/exflygo_com/" local="131789335800000000" remote="131789335800000000" Dst="2" />
<file name="sitemap.xml" server="C:/wamp64/www/exflygo_com/" local="131790302885781193" remote="131790302880000000" Dst="2" />
<file name="sitemap.xml" server="exfligo.myamyacf.com" local="131790302885781193" remote="131791714800000000" Dst="2" />
<file name="sign_up.php" server="exfligo.myamyacf.com" local="131789954767095895" remote="131791714800000000" Dst="2" />
<file name="register_error.php" server="exfligo.myamyacf.com" local="131789922791104099" remote="131791714800000000" Dst="2" />
<file name="register.php" server="exfligo.myamyacf.com" local="131792476236153143" remote="131792489400000000" Dst="2" />
<file name="packages.php" server="exfligo.myamyacf.com" local="131791975136534316" remote="131791954800000000" Dst="2" />
<file name="login_error.php" server="exfligo.myamyacf.com" local="131789923219858001" remote="131791714800000000" Dst="2" />
<file name="LICENSE.txt" server="exfligo.myamyacf.com" local="131790302884898798" remote="131791714800000000" Dst="2" />
<file name="index.php" server="exfligo.myamyacf.com" local="131792748397676278" remote="131792715000000000" Dst="2" />
<file name="hotels.php" server="exfligo.myamyacf.com" local="131792018841497845" remote="131792016600000000" Dst="2" />
<file name="forgot_password.php" server="exfligo.myamyacf.com" local="131790320750000000" remote="131791714800000000" Dst="2" />
<file name="flights.php" server="exfligo.myamyacf.com" local="131791980705465733" remote="131791954800000000" Dst="2" />
<file name=".htaccess" server="exfligo.myamyacf.com" local="131790302817674604" remote="131791714800000000" Dst="2" />
<file name="pages_temp.php" server="exfligo.myamyacf.com" local="131791879647374803" remote="131791854600000000" Dst="2" />
<file name="php.ini" server="exfligo.myamyacf.com" local="131789913600000000" remote="131789913600000000" Dst="2" />
<file name=".user.ini" server="exfligo.myamyacf.com" local="131789913600000000" remote="131789913600000000" Dst="2" />
<file name=".gitignore" server="exfligo.myamyacf.com" local="131789913600000000" remote="131789913600000000" Dst="2" />
<file name="cruises.php" server="exfligo.myamyacf.com" local="131792015674180245" remote="131792016600000000" Dst="2" />
<file name="rental_cars.php" server="exfligo.myamyacf.com" local="131791982560238546" remote="131791954800000000" Dst="2" />
<file name="packages.php" server="C:/wamp64/www/exfligo.com/" local="131791975136534316" remote="131791975130000000" Dst="2" />
<file name="cruises.php" server="C:/wamp64/www/exfligo.com/" local="131792015674180245" remote="131792015670000000" Dst="2" />
<file name=".gitignore" server="C:/wamp64/www/exfligo.com/" local="131789913600000000" remote="131789913600000000" Dst="2" />
<file name=".user.ini" server="C:/wamp64/www/exfligo.com/" local="131789913600000000" remote="131789913600000000" Dst="2" />
<file name="flights.php" server="C:/wamp64/www/exfligo.com/" local="131793339942221248" remote="131793339940000000" Dst="2" />
<file name="php.ini" server="C:/wamp64/www/exfligo.com/" local="131789913600000000" remote="131789913600000000" Dst="2" />
<file name="rental_cars.php" server="C:/wamp64/www/exfligo.com/" local="131791982560238546" remote="131791982560000000" Dst="2" />
<file name="cars.php" server="C:/wamp64/www/exfligo.com/" local="131790321330000000" remote="131790321330000000" Dst="2" />
<file name="hotels.php" server="C:/wamp64/www/exfligo.com/" local="131792018841497845" remote="131792018840000000" Dst="2" />
<file name=".ftpquota" server="C:/wamp64/www/exfligo.com/" local="131789892600000000" remote="131789892600000000" Dst="2" />
<file name=".htaccess" server="C:/wamp64/www/exfligo.com/" local="131790302817674604" remote="131790302810000000" Dst="2" />
<file name="forgot_password.php" server="C:/wamp64/www/exfligo.com/" local="131790320750000000" remote="131790320750000000" Dst="2" />
<file name="index.php" server="C:/wamp64/www/exfligo.com/" local="131802852957569584" remote="131802852950000000" Dst="2" />
<file name="LICENSE.txt" server="C:/wamp64/www/exfligo.com/" local="131790302884898798" remote="131790302880000000" Dst="2" />
<file name="login_error.php" server="C:/wamp64/www/exfligo.com/" local="131789923219858001" remote="131789923210000000" Dst="2" />
<file name="pages_temp.php" server="C:/wamp64/www/exfligo.com/" local="131791879647374803" remote="131791879640000000" Dst="2" />
<file name="register.php" server="C:/wamp64/www/exfligo.com/" local="131802877281371213" remote="131802877280000000" Dst="2" />
<file name="register_error.php" server="C:/wamp64/www/exfligo.com/" local="131789922791104099" remote="131789922790000000" Dst="2" />
<file name="sign_up.php" server="C:/wamp64/www/exfligo.com/" local="131789954767095895" remote="131789954760000000" Dst="2" />
<file name="sitemap.xml" server="C:/wamp64/www/exfligo.com/" local="131790302885781193" remote="131790302880000000" Dst="2" />
<file name="cars.php" server="exfligo.myamyacf.com" local="131790321330000000" remote="131792016600000000" Dst="2" />
<file name="register.php" server="C:/wamp64/www/exfligo.com" local="131791848551469765" remote="131791848550000000" Dst="2" />
<file name="billling_info.php" server="C:/wamp64/www/exfligo.com/" local="131802880842575973" remote="131802880840000000" Dst="2" />
<file name="payment_info.php" server="C:/wamp64/www/exfligo.com/" local="131802897438342668" remote="131802897430000000" Dst="2" />
<file name="index.php" server="C:/xampp/htdocs/exfligo.com/" local="131802852957569584" remote="131802888950000000" Dst="1" />
<file name=".ftpquota" server="C:/xampp/htdocs/exfligo.com/" local="131789928600000000" remote="131789928600000000" Dst="1" />
<file name=".gitignore" server="C:/xampp/htdocs/exfligo.com/" local="131789949600000000" remote="131789949600000000" Dst="1" />
<file name=".htaccess" server="C:/xampp/htdocs/exfligo.com/" local="131790338810000000" remote="131790338810000000" Dst="1" />
<file name=".user.ini" server="C:/xampp/htdocs/exfligo.com/" local="131789949600000000" remote="131789949600000000" Dst="1" />
<file name="billling_info.php" server="C:/xampp/htdocs/exfligo.com/" local="131802916840000000" remote="131802916840000000" Dst="1" />
<file name="cars.php" server="C:/xampp/htdocs/exfligo.com/" local="131790357330000000" remote="131790357330000000" Dst="1" />
<file name="cruises.php" server="C:/xampp/htdocs/exfligo.com/" local="131792051670000000" remote="131792051670000000" Dst="1" />
<file name="flights.php" server="C:/xampp/htdocs/exfligo.com/" local="131793375940000000" remote="131793375940000000" Dst="1" />
<file name="forgot_password.php" server="C:/xampp/htdocs/exfligo.com/" local="131790356750000000" remote="131790356750000000" Dst="1" />
<file name="hotels.php" server="C:/xampp/htdocs/exfligo.com/" local="131792054840000000" remote="131792054840000000" Dst="1" />
<file name="LICENSE.txt" server="C:/xampp/htdocs/exfligo.com/" local="131790338880000000" remote="131790338880000000" Dst="1" />
<file name="login_error.php" server="C:/xampp/htdocs/exfligo.com/" local="131789959210000000" remote="131789959210000000" Dst="1" />
<file name="packages.php" server="C:/xampp/htdocs/exfligo.com/" local="131792011130000000" remote="131791975130000000" Dst="2" />
<file name="pages_temp.php" server="C:/xampp/htdocs/exfligo.com/" local="131791915640000000" remote="131791915640000000" Dst="1" />
<file name="payment_info.php" server="C:/xampp/htdocs/exfligo.com/" local="131802933430000000" remote="131802933430000000" Dst="1" />
<file name="php.ini" server="C:/xampp/htdocs/exfligo.com/" local="131789949600000000" remote="131789949600000000" Dst="1" />
<file name="register.php" server="C:/xampp/htdocs/exfligo.com/" local="131802913280000000" remote="131802913280000000" Dst="1" />
<file name="register_error.php" server="C:/xampp/htdocs/exfligo.com/" local="131789958790000000" remote="131789958790000000" Dst="1" />
<file name="rental_cars.php" server="C:/xampp/htdocs/exfligo.com/" local="131792018560000000" remote="131792018560000000" Dst="1" />
<file name="sign_up.php" server="C:/xampp/htdocs/exfligo.com/" local="131789990760000000" remote="131789990760000000" Dst="1" />
<file name="sitemap.xml" server="C:/xampp/htdocs/exfligo.com/" local="131790338880000000" remote="131790338880000000" Dst="1" />
</dwsync>