<?xml version="1.0" encoding="utf-8" ?>
<dwsync>
<file name="navbar.php" server="C:/xampp/htdocs/Exflygo_com/" local="131752100833979534" remote="131752100830000000" Dst="2" />
<file name="footer.php" server="C:/xampp/htdocs/Exflygo_com/" local="131752102701831156" remote="131752102700000000" Dst="2" />
<file name="google_tracking_exflygo.php" server="C:/xampp/htdocs/Exflygo_com/" local="131752652960584758" remote="131752652960000000" Dst="2" />
<file name="footer.php" server="C:/wamp64/www/exflygo_com/" local="131789969725906300" remote="131789969720000000" Dst="2" />
<file name="google_tracking_exflygo.php" server="C:/wamp64/www/exflygo_com/" local="131752652960584758" remote="131752652960000000" Dst="2" />
<file name="navbar.php" server="C:/wamp64/www/exflygo_com/" local="131790325839730098" remote="131790325830000000" Dst="2" />
<file name="head.php" server="C:/wamp64/www/exflygo_com/" local="131791839600000000" remote="131791839600000000" Dst="2" />
<file name="head.php" server="ftp.myamyacf.com" local="131789501962059773" remote="131789897400000000" Dst="2" />
<file name="footer.php" server="ftp.myamyacf.com" local="131789489858722806" remote="131789896800000000" Dst="2" />
<file name="navbar.php" server="ftp.myamyacf.com" local="131789504482595347" remote="131789897400000000" Dst="2" />
<file name="google_tracking_exflygo.php" server="ftp.myamyacf.com" local="131752652960584758" remote="131789896800000000" Dst="2" />
<file name="user_head.php" server="C:/wamp64/www/exflygo_com/" local="131789915569894732" remote="131789915560000000" Dst="2" />
<file name="user_footer.php" server="C:/wamp64/www/exflygo_com/" local="131789911298688122" remote="131789911290000000" Dst="2" />
<file name="user_navbar.php" server="C:/wamp64/www/exflygo_com/" local="131790309846425742" remote="131790309840000000" Dst="2" />
<file name="login_modal.php" server="C:/wamp64/www/exflygo_com/" local="131790059956232538" remote="131790059950000000" Dst="2" />
<file name="login_modal.php" server="ftp.myamyacf.com" local="131789925305788250" remote="131789897400000000" Dst="2" />
<file name="user_footer.php" server="ftp.myamyacf.com" local="131789911298688122" remote="131789897400000000" Dst="2" />
<file name="user_head.php" server="ftp.myamyacf.com" local="131789915569894732" remote="131789897400000000" Dst="2" />
<file name="user_navbar.php" server="ftp.myamyacf.com" local="131789913754519722" remote="131789897400000000" Dst="2" />
<file name="header.php" server="C:/wamp64/www/exflygo_com/" local="131790315521560850" remote="131790315520000000" Dst="2" />
<file name="user_header.php" server="C:/wamp64/www/exflygo_com/" local="131790307102716354" remote="131790307100000000" Dst="2" />
<file name="header_v2.php" server="C:/wamp64/www/exflygo_com/" local="131791740851619743" remote="131791740850000000" Dst="2" />
<file name="header_v2.php" server="exfligo.myamyacf.com" local="131791740851619743" remote="131791738800000000" Dst="2" />
<file name="flights_search.php" server="C:/wamp64/www/exflygo_com/" local="131791925752632305" remote="131791925750000000" Dst="2" />
<file name="flights_search.php" server="exfligo.myamyacf.com" local="131791925752632305" remote="131791954200000000" Dst="2" />
<file name="head.php" server="exfligo.myamyacf.com" local="131792738516877606" remote="131792715000000000" Dst="2" />
<file name="google_tracking_exflygo.php" server="exfligo.myamyacf.com" local="131752652960584758" remote="131791842600000000" Dst="2" />
<file name="navbar.php" server="exfligo.myamyacf.com" local="131792053330734256" remote="131792017800000000" Dst="2" />
<file name="footer.php" server="exfligo.myamyacf.com" local="131789969725906300" remote="131791842600000000" Dst="2" />
<file name="login_modal.php" server="exfligo.myamyacf.com" local="131790059956232538" remote="131791842600000000" Dst="2" />
<file name="hotels_search.php" server="exfligo.myamyacf.com" local="131792013229701393" remote="131792016600000000" Dst="2" />
<file name="cruises_search.php" server="exfligo.myamyacf.com" local="131792015663792605" remote="131792016600000000" Dst="2" />
<file name="package_search.php" server="exfligo.myamyacf.com" local="131792017005306962" remote="131792016600000000" Dst="2" />
<file name="rental_car_search.php" server="exfligo.myamyacf.com" local="131792012467854740" remote="131792016600000000" Dst="2" />
<file name="head.php" server="C:/wamp64/www/exfligo.com/" local="131796096800755122" remote="131796096800000000" Dst="2" />
<file name="google_tracking_exflygo.php" server="C:/wamp64/www/exfligo.com/" local="131752652960584758" remote="131752652960000000" Dst="2" />
<file name="navbar.php" server="C:/wamp64/www/exfligo.com/" local="131792053330734256" remote="131792053330000000" Dst="2" />
<file name="footer.php" server="C:/wamp64/www/exfligo.com/" local="131796096803258429" remote="131796096800000000" Dst="2" />
<file name="login_modal.php" server="C:/wamp64/www/exfligo.com/" local="131790059956232538" remote="131790059950000000" Dst="2" />
<file name="cruises_search.php" server="C:/wamp64/www/exfligo.com/" local="131792015663792605" remote="131792015660000000" Dst="2" />
<file name="hotels_search.php" server="C:/wamp64/www/exfligo.com/" local="131792013229701393" remote="131792013220000000" Dst="2" />
<file name="package_search.php" server="C:/wamp64/www/exfligo.com/" local="131792017005306962" remote="131792017000000000" Dst="2" />
<file name="rental_car_search.php" server="C:/wamp64/www/exfligo.com/" local="131792012467854740" remote="131792012460000000" Dst="2" />
<file name="flights_search.php" server="C:/wamp64/www/exfligo.com/" local="131791925752632305" remote="131791925750000000" Dst="2" />
<file name="header.php" server="C:/wamp64/www/exfligo.com/" local="131790315521560850" remote="131790315520000000" Dst="2" />
<file name="header_v2.php" server="C:/wamp64/www/exfligo.com/" local="131796103221292022" remote="131796103220000000" Dst="2" />
<file name="user_footer.php" server="C:/wamp64/www/exfligo.com/" local="131789911298688122" remote="131789911290000000" Dst="2" />
<file name="user_head.php" server="C:/wamp64/www/exfligo.com/" local="131789915569894732" remote="131789915560000000" Dst="2" />
<file name="user_header.php" server="C:/wamp64/www/exfligo.com/" local="131790307102716354" remote="131790307100000000" Dst="2" />
<file name="user_navbar.php" server="C:/wamp64/www/exfligo.com/" local="131790309846425742" remote="131790309840000000" Dst="2" />
<file name="head.php" server="C:/wamp64/www/exfligo.com" local="131792035228102710" remote="131792035220000000" Dst="2" />
<file name="navbar.php" server="C:/wamp64/www/exfligo.com" local="131792053330734256" remote="131792053330000000" Dst="2" />
<file name="footer.php" server="C:/wamp64/www/exfligo.com" local="131789969725906300" remote="131789969720000000" Dst="2" />
<file name="google_adsense.php" server="C:/wamp64/www/exfligo.com/" local="131792737017523020" remote="131792737010000000" Dst="2" />
<file name="google_adsense.php" server="exfligo.myamyacf.com" local="131792737017523020" remote="131792715000000000" Dst="2" />
<file name="cruises_search.php" server="C:/xampp/htdocs/exfligo.com/" local="131792051660000000" remote="131792051660000000" Dst="1" />
<file name="flights_search.php" server="C:/xampp/htdocs/exfligo.com/" local="131791961750000000" remote="131791961750000000" Dst="1" />
<file name="footer.php" server="C:/xampp/htdocs/exfligo.com/" local="131796132800000000" remote="131796132800000000" Dst="1" />
<file name="google_adsense.php" server="C:/xampp/htdocs/exfligo.com/" local="131792773010000000" remote="131792773010000000" Dst="1" />
<file name="google_tracking_exflygo.php" server="C:/xampp/htdocs/exfligo.com/" local="131752688960000000" remote="131752688960000000" Dst="1" />
<file name="head.php" server="C:/xampp/htdocs/exfligo.com/" local="131796132800000000" remote="131796132800000000" Dst="1" />
<file name="header.php" server="C:/xampp/htdocs/exfligo.com/" local="131790351520000000" remote="131790351520000000" Dst="1" />
<file name="header_v2.php" server="C:/xampp/htdocs/exfligo.com/" local="131796139220000000" remote="131796139220000000" Dst="1" />
<file name="hotels_search.php" server="C:/xampp/htdocs/exfligo.com/" local="131792049220000000" remote="131792049220000000" Dst="1" />
<file name="login_modal.php" server="C:/xampp/htdocs/exfligo.com/" local="131790095950000000" remote="131790095950000000" Dst="1" />
<file name="navbar.php" server="C:/xampp/htdocs/exfligo.com/" local="131792089330000000" remote="131792089330000000" Dst="1" />
<file name="package_search.php" server="C:/xampp/htdocs/exfligo.com/" local="131792053000000000" remote="131792053000000000" Dst="1" />
<file name="rental_car_search.php" server="C:/xampp/htdocs/exfligo.com/" local="131792048460000000" remote="131792048460000000" Dst="1" />
<file name="user_footer.php" server="C:/xampp/htdocs/exfligo.com/" local="131789947290000000" remote="131789947290000000" Dst="1" />
<file name="user_head.php" server="C:/xampp/htdocs/exfligo.com/" local="131789951560000000" remote="131789951560000000" Dst="1" />
<file name="user_header.php" server="C:/xampp/htdocs/exfligo.com/" local="131790343100000000" remote="131790343100000000" Dst="1" />
<file name="user_navbar.php" server="C:/xampp/htdocs/exfligo.com/" local="131790345840000000" remote="131790345840000000" Dst="1" />
</dwsync>