<?xml version="1.0" encoding="utf-8" ?>
<dwsync>
<file name="bootstrap-responsive.css" server="C:/wamp64/www/exflygo_com/" local="131784073200000000" remote="131784073200000000" Dst="2" />
<file name="bootstrap-responsive.min.css" server="C:/wamp64/www/exflygo_com/" local="131784073200000000" remote="131784073200000000" Dst="2" />
<file name="bootstrap.css" server="C:/wamp64/www/exflygo_com/" local="131784073200000000" remote="131784073200000000" Dst="2" />
<file name="bootstrap.min.css" server="C:/wamp64/www/exflygo_com/" local="131784073200000000" remote="131784073200000000" Dst="2" />
<file name="bootstrap-responsive.css" server="ftp.myamyacf.com" local="131784073200000000" remote="131789895600000000" Dst="2" />
<file name="bootstrap-responsive.min.css" server="ftp.myamyacf.com" local="131784073200000000" remote="131789895600000000" Dst="2" />
<file name="bootstrap.css" server="ftp.myamyacf.com" local="131784073200000000" remote="131789895600000000" Dst="2" />
<file name="bootstrap.min.css" server="ftp.myamyacf.com" local="131784073200000000" remote="131789895600000000" Dst="2" />
<file name="bootstrap-responsive.css" server="exfligo.myamyacf.com" local="131789895600000000" remote="131789895600000000" Dst="2" />
<file name="bootstrap-responsive.min.css" server="exfligo.myamyacf.com" local="131789895600000000" remote="131789895600000000" Dst="2" />
<file name="bootstrap.css" server="exfligo.myamyacf.com" local="131789895600000000" remote="131789895600000000" Dst="2" />
<file name="bootstrap.min.css" server="exfligo.myamyacf.com" local="131789895600000000" remote="131789895600000000" Dst="2" />
<file name="bootstrap-responsive.css" server="C:/wamp64/www/exfligo.com/" local="131789895600000000" remote="131789895600000000" Dst="2" />
<file name="bootstrap-responsive.min.css" server="C:/wamp64/www/exfligo.com/" local="131789895600000000" remote="131789895600000000" Dst="2" />
<file name="bootstrap.css" server="C:/wamp64/www/exfligo.com/" local="131789895600000000" remote="131789895600000000" Dst="2" />
<file name="bootstrap.min.css" server="C:/wamp64/www/exfligo.com/" local="131789895600000000" remote="131789895600000000" Dst="2" />
<file name="bootstrap-responsive.css" server="C:/xampp/htdocs/exfligo.com/" local="131789931600000000" remote="131789931600000000" Dst="1" />
<file name="bootstrap-responsive.min.css" server="C:/xampp/htdocs/exfligo.com/" local="131789931600000000" remote="131789931600000000" Dst="1" />
<file name="bootstrap.css" server="C:/xampp/htdocs/exfligo.com/" local="131789931600000000" remote="131789931600000000" Dst="1" />
<file name="bootstrap.min.css" server="C:/xampp/htdocs/exfligo.com/" local="131789931600000000" remote="131789931600000000" Dst="1" />
</dwsync>