<?xml version="1.0" encoding="utf-8" ?>
<dwsync>
<file name="main.css" server="C:/xampp/htdocs/Exflygo_com/" local="131754813327170833" remote="131754813320000000" Dst="2" />
<file name="bootstrap-4.0.0.css" server="C:/xampp/htdocs/Exflygo_com/" local="131740704825027604" remote="131740704820000000" Dst="2" />
<file name="bootstrap-4.0.0.css" server="C:/wamp64/www/exflygo_com/" local="131784073800000000" remote="131784073800000000" Dst="2" />
<file name="main.css" server="C:/wamp64/www/exflygo_com/" local="131791848747958103" remote="131791848740000000" Dst="2" />
<file name="main.css" server="ftp.myamyacf.com" local="131789907966403854" remote="131789896200000000" Dst="2" />
<file name="bootstrap-4.0.0.css" server="ftp.myamyacf.com" local="131784073800000000" remote="131789896200000000" Dst="2" />
<file name="main.css" server="exfligo.myamyacf.com" local="131792748394243776" remote="131792715000000000" Dst="2" />
<file name="bootstrap-4.0.0.css" server="exfligo.myamyacf.com" local="131789896200000000" remote="131789896200000000" Dst="2" />
<file name="main.css" server="C:/wamp64/www/exfligo.com/" local="131802872136112438" remote="131802872130000000" Dst="2" />
<file name="bootstrap-4.0.0.css" server="C:/wamp64/www/exfligo.com/" local="131789896200000000" remote="131789896200000000" Dst="2" />
<file name="bootstrap-4.0.0.css" server="C:/xampp/htdocs/exfligo.com/" local="131789932200000000" remote="131789932200000000" Dst="1" />
<file name="main.css" server="C:/xampp/htdocs/exfligo.com/" local="131802908130000000" remote="131802908130000000" Dst="1" />
</dwsync>