<?xml version="1.0" encoding="utf-8" ?>
<dwsync>
<file name="open-iconic.html" server="C:/wamp64/www/exflygo_com/" local="131784089400000000" remote="131784089400000000" Dst="2" />
<file name="open-iconic.min.svg" server="C:/wamp64/www/exflygo_com/" local="131784089400000000" remote="131784089400000000" Dst="2" />
<file name="open-iconic.svg" server="C:/wamp64/www/exflygo_com/" local="131784089400000000" remote="131784089400000000" Dst="2" />
<file name="sprite.html" server="C:/wamp64/www/exflygo_com/" local="131784089400000000" remote="131784089400000000" Dst="2" />
<file name="sprite.min.svg" server="C:/wamp64/www/exflygo_com/" local="131784089400000000" remote="131784089400000000" Dst="2" />
<file name="sprite.svg" server="C:/wamp64/www/exflygo_com/" local="131784089400000000" remote="131784089400000000" Dst="2" />
<file name="sprite.svg" server="ftp.myamyacf.com" local="131784089400000000" remote="131789910600000000" Dst="2" />
<file name="sprite.min.svg" server="ftp.myamyacf.com" local="131784089400000000" remote="131789910600000000" Dst="2" />
<file name="sprite.html" server="ftp.myamyacf.com" local="131784089400000000" remote="131789910600000000" Dst="2" />
<file name="open-iconic.svg" server="ftp.myamyacf.com" local="131784089400000000" remote="131789910600000000" Dst="2" />
<file name="open-iconic.min.svg" server="ftp.myamyacf.com" local="131784089400000000" remote="131789910600000000" Dst="2" />
<file name="open-iconic.html" server="ftp.myamyacf.com" local="131784089400000000" remote="131789910600000000" Dst="2" />
<file name="open-iconic.html" server="C:/wamp64/www/exfligo.com/" local="131784089400000000" remote="131784089400000000" Dst="2" />
<file name="open-iconic.min.svg" server="C:/wamp64/www/exfligo.com/" local="131784089400000000" remote="131784089400000000" Dst="2" />
<file name="open-iconic.svg" server="C:/wamp64/www/exfligo.com/" local="131784089400000000" remote="131784089400000000" Dst="2" />
<file name="sprite.html" server="C:/wamp64/www/exfligo.com/" local="131784089400000000" remote="131784089400000000" Dst="2" />
<file name="sprite.min.svg" server="C:/wamp64/www/exfligo.com/" local="131784089400000000" remote="131784089400000000" Dst="2" />
<file name="sprite.svg" server="C:/wamp64/www/exfligo.com/" local="131784089400000000" remote="131784089400000000" Dst="2" />
<file name="open-iconic.html" server="C:/xampp/htdocs/exfligo.com/" local="131784125400000000" remote="131784125400000000" Dst="1" />
<file name="open-iconic.min.svg" server="C:/xampp/htdocs/exfligo.com/" local="131784125400000000" remote="131784125400000000" Dst="1" />
<file name="open-iconic.svg" server="C:/xampp/htdocs/exfligo.com/" local="131784125400000000" remote="131784125400000000" Dst="1" />
<file name="sprite.html" server="C:/xampp/htdocs/exfligo.com/" local="131784125400000000" remote="131784125400000000" Dst="1" />
<file name="sprite.min.svg" server="C:/xampp/htdocs/exfligo.com/" local="131784125400000000" remote="131784125400000000" Dst="1" />
<file name="sprite.svg" server="C:/xampp/htdocs/exfligo.com/" local="131784125400000000" remote="131784125400000000" Dst="1" />
</dwsync>