<?xml version="1.0" encoding="utf-8" ?>
<dwsync>
<file name="lbg.jpg" server="ftp.myamyacf.com" local="131702769000000000" remote="131702769000000000" Dst="2" />
<file name="arr_bg.gif" server="ftp.myamyacf.com" local="131702769000000000" remote="131702769000000000" Dst="2" />
<file name="arr_bg.gif" server="C:/wamp64/www/exflygo_com/" local="131702769000000000" remote="131702769000000000" Dst="2" />
<file name="lbg.jpg" server="C:/wamp64/www/exflygo_com/" local="131702769000000000" remote="131702769000000000" Dst="2" />
<file name="lbg.jpg" server="exfligo.myamyacf.com" local="131702769000000000" remote="131791715400000000" Dst="2" />
<file name="arr_bg.gif" server="exfligo.myamyacf.com" local="131702769000000000" remote="131791715400000000" Dst="2" />
<file name="arr_bg.gif" server="C:/wamp64/www/exfligo.com/" local="131702769000000000" remote="131702769000000000" Dst="2" />
<file name="lbg.jpg" server="C:/wamp64/www/exfligo.com/" local="131702769000000000" remote="131702769000000000" Dst="2" />
<file name="arr_bg.gif" server="C:/xampp/htdocs/exfligo.com/" local="131702805000000000" remote="131702805000000000" Dst="1" />
<file name="lbg.jpg" server="C:/xampp/htdocs/exfligo.com/" local="131702805000000000" remote="131702805000000000" Dst="1" />
</dwsync>