<?xml version="1.0" encoding="utf-8" ?>
<dwsync>
<file name="AUTHORS.txt" server="C:/wamp64/www/exflygo_com/" local="131784075000000000" remote="131784075000000000" Dst="2" />
<file name="index.html" server="C:/wamp64/www/exflygo_com/" local="131784075000000000" remote="131784075000000000" Dst="2" />
<file name="jquery-ui.css" server="C:/wamp64/www/exflygo_com/" local="131784075000000000" remote="131784075000000000" Dst="2" />
<file name="jquery-ui.js" server="C:/wamp64/www/exflygo_com/" local="131784075000000000" remote="131784075000000000" Dst="2" />
<file name="jquery-ui.min.css" server="C:/wamp64/www/exflygo_com/" local="131784075000000000" remote="131784075000000000" Dst="2" />
<file name="jquery-ui.min.js" server="C:/wamp64/www/exflygo_com/" local="131784075000000000" remote="131784075000000000" Dst="2" />
<file name="jquery-ui.structure.css" server="C:/wamp64/www/exflygo_com/" local="131784075000000000" remote="131784075000000000" Dst="2" />
<file name="jquery-ui.structure.min.css" server="C:/wamp64/www/exflygo_com/" local="131784075000000000" remote="131784075000000000" Dst="2" />
<file name="jquery-ui.theme.css" server="C:/wamp64/www/exflygo_com/" local="131784075000000000" remote="131784075000000000" Dst="2" />
<file name="jquery-ui.theme.min.css" server="C:/wamp64/www/exflygo_com/" local="131784075000000000" remote="131784075000000000" Dst="2" />
<file name="LICENSE.txt" server="C:/wamp64/www/exflygo_com/" local="131784075000000000" remote="131784075000000000" Dst="2" />
<file name="package.json" server="C:/wamp64/www/exflygo_com/" local="131784075000000000" remote="131784075000000000" Dst="2" />
<file name="package.json" server="ftp.myamyacf.com" local="131784075000000000" remote="131789897400000000" Dst="2" />
<file name="LICENSE.txt" server="ftp.myamyacf.com" local="131784075000000000" remote="131789897400000000" Dst="2" />
<file name="jquery-ui.theme.min.css" server="ftp.myamyacf.com" local="131784075000000000" remote="131789897400000000" Dst="2" />
<file name="jquery-ui.theme.css" server="ftp.myamyacf.com" local="131784075000000000" remote="131789897400000000" Dst="2" />
<file name="jquery-ui.structure.min.css" server="ftp.myamyacf.com" local="131784075000000000" remote="131789897400000000" Dst="2" />
<file name="jquery-ui.structure.css" server="ftp.myamyacf.com" local="131784075000000000" remote="131789897400000000" Dst="2" />
<file name="jquery-ui.min.js" server="ftp.myamyacf.com" local="131784075000000000" remote="131789897400000000" Dst="2" />
<file name="jquery-ui.min.css" server="ftp.myamyacf.com" local="131784075000000000" remote="131789897400000000" Dst="2" />
<file name="jquery-ui.js" server="ftp.myamyacf.com" local="131784075000000000" remote="131789897400000000" Dst="2" />
<file name="jquery-ui.css" server="ftp.myamyacf.com" local="131784075000000000" remote="131789897400000000" Dst="2" />
<file name="index.html" server="ftp.myamyacf.com" local="131784075000000000" remote="131789897400000000" Dst="2" />
<file name="AUTHORS.txt" server="ftp.myamyacf.com" local="131784075000000000" remote="131789897400000000" Dst="2" />
<file name="AUTHORS.txt" server="C:/wamp64/www/exfligo.com/" local="131784075000000000" remote="131784075000000000" Dst="2" />
<file name="index.html" server="C:/wamp64/www/exfligo.com/" local="131784075000000000" remote="131784075000000000" Dst="2" />
<file name="jquery-ui.css" server="C:/wamp64/www/exfligo.com/" local="131784075000000000" remote="131784075000000000" Dst="2" />
<file name="jquery-ui.js" server="C:/wamp64/www/exfligo.com/" local="131784075000000000" remote="131784075000000000" Dst="2" />
<file name="jquery-ui.min.css" server="C:/wamp64/www/exfligo.com/" local="131784075000000000" remote="131784075000000000" Dst="2" />
<file name="jquery-ui.min.js" server="C:/wamp64/www/exfligo.com/" local="131784075000000000" remote="131784075000000000" Dst="2" />
<file name="jquery-ui.structure.css" server="C:/wamp64/www/exfligo.com/" local="131784075000000000" remote="131784075000000000" Dst="2" />
<file name="jquery-ui.structure.min.css" server="C:/wamp64/www/exfligo.com/" local="131784075000000000" remote="131784075000000000" Dst="2" />
<file name="jquery-ui.theme.css" server="C:/wamp64/www/exfligo.com/" local="131784075000000000" remote="131784075000000000" Dst="2" />
<file name="jquery-ui.theme.min.css" server="C:/wamp64/www/exfligo.com/" local="131784075000000000" remote="131784075000000000" Dst="2" />
<file name="LICENSE.txt" server="C:/wamp64/www/exfligo.com/" local="131784075000000000" remote="131784075000000000" Dst="2" />
<file name="package.json" server="C:/wamp64/www/exfligo.com/" local="131784075000000000" remote="131784075000000000" Dst="2" />
<file name="AUTHORS.txt" server="C:/xampp/htdocs/exfligo.com/" local="131784111000000000" remote="131784111000000000" Dst="1" />
<file name="index.html" server="C:/xampp/htdocs/exfligo.com/" local="131784111000000000" remote="131784111000000000" Dst="1" />
<file name="jquery-ui.css" server="C:/xampp/htdocs/exfligo.com/" local="131784111000000000" remote="131784111000000000" Dst="1" />
<file name="jquery-ui.js" server="C:/xampp/htdocs/exfligo.com/" local="131784111000000000" remote="131784111000000000" Dst="1" />
<file name="jquery-ui.min.css" server="C:/xampp/htdocs/exfligo.com/" local="131784111000000000" remote="131784111000000000" Dst="1" />
<file name="jquery-ui.min.js" server="C:/xampp/htdocs/exfligo.com/" local="131784111000000000" remote="131784111000000000" Dst="1" />
<file name="jquery-ui.structure.css" server="C:/xampp/htdocs/exfligo.com/" local="131784111000000000" remote="131784111000000000" Dst="1" />
<file name="jquery-ui.structure.min.css" server="C:/xampp/htdocs/exfligo.com/" local="131784111000000000" remote="131784111000000000" Dst="1" />
<file name="jquery-ui.theme.css" server="C:/xampp/htdocs/exfligo.com/" local="131784111000000000" remote="131784111000000000" Dst="1" />
<file name="jquery-ui.theme.min.css" server="C:/xampp/htdocs/exfligo.com/" local="131784111000000000" remote="131784111000000000" Dst="1" />
<file name="LICENSE.txt" server="C:/xampp/htdocs/exfligo.com/" local="131784111000000000" remote="131784111000000000" Dst="1" />
<file name="package.json" server="C:/xampp/htdocs/exfligo.com/" local="131784111000000000" remote="131784111000000000" Dst="1" />
</dwsync>