<?xml version="1.0" encoding="utf-8" ?>
<dwsync>
<file name="dim" server="ftp.myamyacf.com" local="131702769000000000" remote="131702769000000000" Dst="2" />
<file name="9.png" server="ftp.myamyacf.com" local="131702769000000000" remote="131702769000000000" Dst="2" />
<file name="8.png" server="ftp.myamyacf.com" local="131702769000000000" remote="131702769000000000" Dst="2" />
<file name="7.png" server="ftp.myamyacf.com" local="131702769000000000" remote="131702769000000000" Dst="2" />
<file name="6.png" server="ftp.myamyacf.com" local="131702769000000000" remote="131702769000000000" Dst="2" />
<file name="5.png" server="ftp.myamyacf.com" local="131702769000000000" remote="131702769000000000" Dst="2" />
<file name="4.png" server="ftp.myamyacf.com" local="131702769000000000" remote="131702769000000000" Dst="2" />
<file name="3.png" server="ftp.myamyacf.com" local="131702769000000000" remote="131702769000000000" Dst="2" />
<file name="2.png" server="ftp.myamyacf.com" local="131702769000000000" remote="131702769000000000" Dst="2" />
<file name="1.png" server="ftp.myamyacf.com" local="131702769000000000" remote="131702769000000000" Dst="2" />
<file name="0.png" server="ftp.myamyacf.com" local="131702769000000000" remote="131702769000000000" Dst="2" />
<file name="0.png" server="C:/wamp64/www/exflygo_com/" local="131702769000000000" remote="131702769000000000" Dst="2" />
<file name="1.png" server="C:/wamp64/www/exflygo_com/" local="131702769000000000" remote="131702769000000000" Dst="2" />
<file name="2.png" server="C:/wamp64/www/exflygo_com/" local="131702769000000000" remote="131702769000000000" Dst="2" />
<file name="3.png" server="C:/wamp64/www/exflygo_com/" local="131702769000000000" remote="131702769000000000" Dst="2" />
<file name="4.png" server="C:/wamp64/www/exflygo_com/" local="131702769000000000" remote="131702769000000000" Dst="2" />
<file name="5.png" server="C:/wamp64/www/exflygo_com/" local="131702769000000000" remote="131702769000000000" Dst="2" />
<file name="6.png" server="C:/wamp64/www/exflygo_com/" local="131702769000000000" remote="131702769000000000" Dst="2" />
<file name="7.png" server="C:/wamp64/www/exflygo_com/" local="131702769000000000" remote="131702769000000000" Dst="2" />
<file name="8.png" server="C:/wamp64/www/exflygo_com/" local="131702769000000000" remote="131702769000000000" Dst="2" />
<file name="9.png" server="C:/wamp64/www/exflygo_com/" local="131702769000000000" remote="131702769000000000" Dst="2" />
<file name="dim" server="C:/wamp64/www/exflygo_com/" local="131702769000000000" remote="131702769000000000" Dst="2" />
<file name="dim" server="exfligo.myamyacf.com" local="131702769000000000" remote="131791717200000000" Dst="2" />
<file name="9.png" server="exfligo.myamyacf.com" local="131702769000000000" remote="131791717200000000" Dst="2" />
<file name="8.png" server="exfligo.myamyacf.com" local="131702769000000000" remote="131791717200000000" Dst="2" />
<file name="7.png" server="exfligo.myamyacf.com" local="131702769000000000" remote="131791717200000000" Dst="2" />
<file name="6.png" server="exfligo.myamyacf.com" local="131702769000000000" remote="131791717200000000" Dst="2" />
<file name="5.png" server="exfligo.myamyacf.com" local="131702769000000000" remote="131791717200000000" Dst="2" />
<file name="4.png" server="exfligo.myamyacf.com" local="131702769000000000" remote="131791717200000000" Dst="2" />
<file name="3.png" server="exfligo.myamyacf.com" local="131702769000000000" remote="131791717200000000" Dst="2" />
<file name="2.png" server="exfligo.myamyacf.com" local="131702769000000000" remote="131791717200000000" Dst="2" />
<file name="1.png" server="exfligo.myamyacf.com" local="131702769000000000" remote="131791717200000000" Dst="2" />
<file name="0.png" server="exfligo.myamyacf.com" local="131702769000000000" remote="131791717200000000" Dst="2" />
<file name="0.png" server="C:/wamp64/www/exfligo.com/" local="131702769000000000" remote="131702769000000000" Dst="2" />
<file name="1.png" server="C:/wamp64/www/exfligo.com/" local="131702769000000000" remote="131702769000000000" Dst="2" />
<file name="2.png" server="C:/wamp64/www/exfligo.com/" local="131702769000000000" remote="131702769000000000" Dst="2" />
<file name="3.png" server="C:/wamp64/www/exfligo.com/" local="131702769000000000" remote="131702769000000000" Dst="2" />
<file name="4.png" server="C:/wamp64/www/exfligo.com/" local="131702769000000000" remote="131702769000000000" Dst="2" />
<file name="5.png" server="C:/wamp64/www/exfligo.com/" local="131702769000000000" remote="131702769000000000" Dst="2" />
<file name="6.png" server="C:/wamp64/www/exfligo.com/" local="131702769000000000" remote="131702769000000000" Dst="2" />
<file name="7.png" server="C:/wamp64/www/exfligo.com/" local="131702769000000000" remote="131702769000000000" Dst="2" />
<file name="8.png" server="C:/wamp64/www/exfligo.com/" local="131702769000000000" remote="131702769000000000" Dst="2" />
<file name="9.png" server="C:/wamp64/www/exfligo.com/" local="131702769000000000" remote="131702769000000000" Dst="2" />
<file name="dim" server="C:/wamp64/www/exfligo.com/" local="131702769000000000" remote="131702769000000000" Dst="2" />
<file name="0.png" server="C:/xampp/htdocs/exfligo.com/" local="131702805000000000" remote="131702805000000000" Dst="1" />
<file name="1.png" server="C:/xampp/htdocs/exfligo.com/" local="131702805000000000" remote="131702805000000000" Dst="1" />
<file name="2.png" server="C:/xampp/htdocs/exfligo.com/" local="131702805000000000" remote="131702805000000000" Dst="1" />
<file name="3.png" server="C:/xampp/htdocs/exfligo.com/" local="131702805000000000" remote="131702805000000000" Dst="1" />
<file name="4.png" server="C:/xampp/htdocs/exfligo.com/" local="131702805000000000" remote="131702805000000000" Dst="1" />
<file name="5.png" server="C:/xampp/htdocs/exfligo.com/" local="131702805000000000" remote="131702805000000000" Dst="1" />
<file name="6.png" server="C:/xampp/htdocs/exfligo.com/" local="131702805000000000" remote="131702805000000000" Dst="1" />
<file name="7.png" server="C:/xampp/htdocs/exfligo.com/" local="131702805000000000" remote="131702805000000000" Dst="1" />
<file name="8.png" server="C:/xampp/htdocs/exfligo.com/" local="131702805000000000" remote="131702805000000000" Dst="1" />
<file name="9.png" server="C:/xampp/htdocs/exfligo.com/" local="131702805000000000" remote="131702805000000000" Dst="1" />
<file name="dim" server="C:/xampp/htdocs/exfligo.com/" local="131702805000000000" remote="131702805000000000" Dst="1" />
</dwsync>