<?xml version="1.0" encoding="utf-8" ?>
<dwsync>
<file name="landing-page.css" server="ftp.myamyacf.com" local="131770090800000000" remote="131770090800000000" Dst="2" />
<file name="bootstrap.min.css" server="ftp.myamyacf.com" local="131770090800000000" remote="131770090800000000" Dst="2" />
<file name="bootstrap.css" server="ftp.myamyacf.com" local="131770090800000000" remote="131770090800000000" Dst="2" />
<file name="bootstrap.css" server="C:/wamp64/www/exflygo_com/" local="131770090800000000" remote="131770090800000000" Dst="2" />
<file name="bootstrap.min.css" server="C:/wamp64/www/exflygo_com/" local="131770090800000000" remote="131770090800000000" Dst="2" />
<file name="landing-page.css" server="C:/wamp64/www/exflygo_com/" local="131770090800000000" remote="131770090800000000" Dst="2" />
<file name="landing-page.css" server="exfligo.myamyacf.com" local="131770090800000000" remote="131791716000000000" Dst="2" />
<file name="bootstrap.min.css" server="exfligo.myamyacf.com" local="131770090800000000" remote="131791716000000000" Dst="2" />
<file name="bootstrap.css" server="exfligo.myamyacf.com" local="131770090800000000" remote="131791716000000000" Dst="2" />
<file name="bootstrap.css" server="C:/wamp64/www/exfligo.com/" local="131770090800000000" remote="131770090800000000" Dst="2" />
<file name="bootstrap.min.css" server="C:/wamp64/www/exfligo.com/" local="131770090800000000" remote="131770090800000000" Dst="2" />
<file name="landing-page.css" server="C:/wamp64/www/exfligo.com/" local="131770090800000000" remote="131770090800000000" Dst="2" />
<file name="bootstrap.css" server="C:/xampp/htdocs/exfligo.com/" local="131770126800000000" remote="131770126800000000" Dst="1" />
<file name="bootstrap.min.css" server="C:/xampp/htdocs/exfligo.com/" local="131770126800000000" remote="131770126800000000" Dst="1" />
<file name="landing-page.css" server="C:/xampp/htdocs/exfligo.com/" local="131770126800000000" remote="131770126800000000" Dst="1" />
</dwsync>