<?xml version="1.0" encoding="utf-8" ?>
<dwsync>
<file name="wizard_logo.gif" server="ftp.myamyacf.com" local="131702769000000000" remote="131702769000000000" Dst="2" />
<file name="webstore_logo.gif" server="ftp.myamyacf.com" local="131702769000000000" remote="131702769000000000" Dst="2" />
<file name="web_responder_logo.gif" server="ftp.myamyacf.com" local="131702769000000000" remote="131702769000000000" Dst="2" />
<file name="web_guestbook_logo.gif" server="ftp.myamyacf.com" local="131702769000000000" remote="131702769000000000" Dst="2" />
<file name="web_db_logo.gif" server="ftp.myamyacf.com" local="131702769000000000" remote="131702769000000000" Dst="2" />
<file name="web_cal_logo.gif" server="ftp.myamyacf.com" local="131702769000000000" remote="131702769000000000" Dst="2" />
<file name="view_over.gif" server="ftp.myamyacf.com" local="131702769000000000" remote="131702769000000000" Dst="2" />
<file name="view_click.gif" server="ftp.myamyacf.com" local="131702769000000000" remote="131702769000000000" Dst="2" />
<file name="view.gif" server="ftp.myamyacf.com" local="131702769000000000" remote="131702769000000000" Dst="2" />
<file name="top_right.gif" server="ftp.myamyacf.com" local="131702769000000000" remote="131702769000000000" Dst="2" />
<file name="top_logo_extropia.gif" server="ftp.myamyacf.com" local="131702769000000000" remote="131702769000000000" Dst="2" />
<file name="top_logo.gif" server="ftp.myamyacf.com" local="131702769000000000" remote="131702769000000000" Dst="2" />
<file name="top_bg.gif" server="ftp.myamyacf.com" local="131702769000000000" remote="131702769000000000" Dst="2" />
<file name="submit_over.gif" server="ftp.myamyacf.com" local="131702769000000000" remote="131702769000000000" Dst="2" />
<file name="submit_click.gif" server="ftp.myamyacf.com" local="131702769000000000" remote="131702769000000000" Dst="2" />
<file name="submit.gif" server="ftp.myamyacf.com" local="131702769000000000" remote="131702769000000000" Dst="2" />
<file name="spacer.gif" server="ftp.myamyacf.com" local="131702769000000000" remote="131702769000000000" Dst="2" />
<file name="space.gif" server="ftp.myamyacf.com" local="131702769000000000" remote="131702769000000000" Dst="2" />
<file name="section_welcome.gif" server="ftp.myamyacf.com" local="131702769000000000" remote="131702769000000000" Dst="2" />
<file name="read.gif" server="ftp.myamyacf.com" local="131702769000000000" remote="131702769000000000" Dst="2" />
<file name="psearch_click.gif" server="ftp.myamyacf.com" local="131702769000000000" remote="131702769000000000" Dst="2" />
<file name="psearch1.gif" server="ftp.myamyacf.com" local="131702769000000000" remote="131702769000000000" Dst="2" />
<file name="psearch0.gif" server="ftp.myamyacf.com" local="131702769000000000" remote="131702769000000000" Dst="2" />
<file name="prev.gif" server="ftp.myamyacf.com" local="131702769000000000" remote="131702769000000000" Dst="2" />
<file name="post_a_reply.gif" server="ftp.myamyacf.com" local="131702769000000000" remote="131702769000000000" Dst="2" />
<file name="post.gif" server="ftp.myamyacf.com" local="131702769000000000" remote="131702769000000000" Dst="2" />
<file name="next.gif" server="ftp.myamyacf.com" local="131702769000000000" remote="131702769000000000" Dst="2" />
<file name="modify_small1.gif" server="ftp.myamyacf.com" local="131702769000000000" remote="131702769000000000" Dst="2" />
<file name="modify_small.gif" server="ftp.myamyacf.com" local="131702769000000000" remote="131702769000000000" Dst="2" />
<file name="modify_over.gif" server="ftp.myamyacf.com" local="131702769000000000" remote="131702769000000000" Dst="2" />
<file name="modify_click.gif" server="ftp.myamyacf.com" local="131702769000000000" remote="131702769000000000" Dst="2" />
<file name="modify.gif" server="ftp.myamyacf.com" local="131702769000000000" remote="131702769000000000" Dst="2" />
<file name="mlm_logo.gif" server="ftp.myamyacf.com" local="131702769000000000" remote="131702769000000000" Dst="2" />
<file name="message_archive_top.gif" server="ftp.myamyacf.com" local="131702769000000000" remote="131702769000000000" Dst="2" />
<file name="masthead1.gif" server="ftp.myamyacf.com" local="131702769000000000" remote="131702769000000000" Dst="2" />
<file name="masthead.gif" server="ftp.myamyacf.com" local="131702769000000000" remote="131702769000000000" Dst="2" />
<file name="logo1.gif" server="ftp.myamyacf.com" local="131702769000000000" remote="131702769000000000" Dst="2" />
<file name="logo.gif" server="ftp.myamyacf.com" local="131702769000000000" remote="131702769000000000" Dst="2" />
<file name="links.gif" server="ftp.myamyacf.com" local="131702769000000000" remote="131702769000000000" Dst="2" />
<file name="jblogo.jpg" server="ftp.myamyacf.com" local="131702769000000000" remote="131702769000000000" Dst="2" />
<file name="home_click.gif" server="ftp.myamyacf.com" local="131702769000000000" remote="131702769000000000" Dst="2" />
<file name="home1.gif" server="ftp.myamyacf.com" local="131702769000000000" remote="131702769000000000" Dst="2" />
<file name="home0.gif" server="ftp.myamyacf.com" local="131702769000000000" remote="131702769000000000" Dst="2" />
<file name="home.gif" server="ftp.myamyacf.com" local="131702769000000000" remote="131702769000000000" Dst="2" />
<file name="extropia_logo.gif" server="ftp.myamyacf.com" local="131702769000000000" remote="131702769000000000" Dst="2" />
<file name="delete_small1.gif" server="ftp.myamyacf.com" local="131702769000000000" remote="131702769000000000" Dst="2" />
<file name="delete_small.gif" server="ftp.myamyacf.com" local="131702769000000000" remote="131702769000000000" Dst="2" />
<file name="delete_over.gif" server="ftp.myamyacf.com" local="131702769000000000" remote="131702769000000000" Dst="2" />
<file name="delete_click.gif" server="ftp.myamyacf.com" local="131702769000000000" remote="131702769000000000" Dst="2" />
<file name="delete.gif" server="ftp.myamyacf.com" local="131702769000000000" remote="131702769000000000" Dst="2" />
<file name="close_over.gif" server="ftp.myamyacf.com" local="131702769000000000" remote="131702769000000000" Dst="2" />
<file name="close_click.gif" server="ftp.myamyacf.com" local="131702769000000000" remote="131702769000000000" Dst="2" />
<file name="close.gif" server="ftp.myamyacf.com" local="131702769000000000" remote="131702769000000000" Dst="2" />
<file name="bot_right.gif" server="ftp.myamyacf.com" local="131702769000000000" remote="131702769000000000" Dst="2" />
<file name="bot_left_extropia.gif" server="ftp.myamyacf.com" local="131702769000000000" remote="131702769000000000" Dst="2" />
<file name="bot_left.gif" server="ftp.myamyacf.com" local="131702769000000000" remote="131702769000000000" Dst="2" />
<file name="bot_bg.gif" server="ftp.myamyacf.com" local="131702769000000000" remote="131702769000000000" Dst="2" />
<file name="bg.gif" server="ftp.myamyacf.com" local="131702769000000000" remote="131702769000000000" Dst="2" />
<file name="back.gif" server="ftp.myamyacf.com" local="131702769000000000" remote="131702769000000000" Dst="2" />
<file name="add_click.gif" server="ftp.myamyacf.com" local="131702769000000000" remote="131702769000000000" Dst="2" />
<file name="add1.gif" server="ftp.myamyacf.com" local="131702769000000000" remote="131702769000000000" Dst="2" />
<file name="add0.gif" server="ftp.myamyacf.com" local="131702769000000000" remote="131702769000000000" Dst="2" />
<file name="add.gif" server="ftp.myamyacf.com" local="131702769000000000" remote="131702769000000000" Dst="2" />
<file name="add.gif" server="C:/wamp64/www/exflygo_com/" local="131702769000000000" remote="131702769000000000" Dst="2" />
<file name="add0.gif" server="C:/wamp64/www/exflygo_com/" local="131702769000000000" remote="131702769000000000" Dst="2" />
<file name="add1.gif" server="C:/wamp64/www/exflygo_com/" local="131702769000000000" remote="131702769000000000" Dst="2" />
<file name="add_click.gif" server="C:/wamp64/www/exflygo_com/" local="131702769000000000" remote="131702769000000000" Dst="2" />
<file name="back.gif" server="C:/wamp64/www/exflygo_com/" local="131702769000000000" remote="131702769000000000" Dst="2" />
<file name="bg.gif" server="C:/wamp64/www/exflygo_com/" local="131702769000000000" remote="131702769000000000" Dst="2" />
<file name="bot_bg.gif" server="C:/wamp64/www/exflygo_com/" local="131702769000000000" remote="131702769000000000" Dst="2" />
<file name="bot_left.gif" server="C:/wamp64/www/exflygo_com/" local="131702769000000000" remote="131702769000000000" Dst="2" />
<file name="bot_left_extropia.gif" server="C:/wamp64/www/exflygo_com/" local="131702769000000000" remote="131702769000000000" Dst="2" />
<file name="bot_right.gif" server="C:/wamp64/www/exflygo_com/" local="131702769000000000" remote="131702769000000000" Dst="2" />
<file name="close.gif" server="C:/wamp64/www/exflygo_com/" local="131702769000000000" remote="131702769000000000" Dst="2" />
<file name="close_click.gif" server="C:/wamp64/www/exflygo_com/" local="131702769000000000" remote="131702769000000000" Dst="2" />
<file name="close_over.gif" server="C:/wamp64/www/exflygo_com/" local="131702769000000000" remote="131702769000000000" Dst="2" />
<file name="delete.gif" server="C:/wamp64/www/exflygo_com/" local="131702769000000000" remote="131702769000000000" Dst="2" />
<file name="delete_click.gif" server="C:/wamp64/www/exflygo_com/" local="131702769000000000" remote="131702769000000000" Dst="2" />
<file name="delete_over.gif" server="C:/wamp64/www/exflygo_com/" local="131702769000000000" remote="131702769000000000" Dst="2" />
<file name="delete_small.gif" server="C:/wamp64/www/exflygo_com/" local="131702769000000000" remote="131702769000000000" Dst="2" />
<file name="delete_small1.gif" server="C:/wamp64/www/exflygo_com/" local="131702769000000000" remote="131702769000000000" Dst="2" />
<file name="extropia_logo.gif" server="C:/wamp64/www/exflygo_com/" local="131702769000000000" remote="131702769000000000" Dst="2" />
<file name="home.gif" server="C:/wamp64/www/exflygo_com/" local="131702769000000000" remote="131702769000000000" Dst="2" />
<file name="home0.gif" server="C:/wamp64/www/exflygo_com/" local="131702769000000000" remote="131702769000000000" Dst="2" />
<file name="home1.gif" server="C:/wamp64/www/exflygo_com/" local="131702769000000000" remote="131702769000000000" Dst="2" />
<file name="home_click.gif" server="C:/wamp64/www/exflygo_com/" local="131702769000000000" remote="131702769000000000" Dst="2" />
<file name="jblogo.jpg" server="C:/wamp64/www/exflygo_com/" local="131702769000000000" remote="131702769000000000" Dst="2" />
<file name="links.gif" server="C:/wamp64/www/exflygo_com/" local="131702769000000000" remote="131702769000000000" Dst="2" />
<file name="logo.gif" server="C:/wamp64/www/exflygo_com/" local="131702769000000000" remote="131702769000000000" Dst="2" />
<file name="logo1.gif" server="C:/wamp64/www/exflygo_com/" local="131702769000000000" remote="131702769000000000" Dst="2" />
<file name="masthead.gif" server="C:/wamp64/www/exflygo_com/" local="131702769000000000" remote="131702769000000000" Dst="2" />
<file name="masthead1.gif" server="C:/wamp64/www/exflygo_com/" local="131702769000000000" remote="131702769000000000" Dst="2" />
<file name="message_archive_top.gif" server="C:/wamp64/www/exflygo_com/" local="131702769000000000" remote="131702769000000000" Dst="2" />
<file name="mlm_logo.gif" server="C:/wamp64/www/exflygo_com/" local="131702769000000000" remote="131702769000000000" Dst="2" />
<file name="modify.gif" server="C:/wamp64/www/exflygo_com/" local="131702769000000000" remote="131702769000000000" Dst="2" />
<file name="modify_click.gif" server="C:/wamp64/www/exflygo_com/" local="131702769000000000" remote="131702769000000000" Dst="2" />
<file name="modify_over.gif" server="C:/wamp64/www/exflygo_com/" local="131702769000000000" remote="131702769000000000" Dst="2" />
<file name="modify_small.gif" server="C:/wamp64/www/exflygo_com/" local="131702769000000000" remote="131702769000000000" Dst="2" />
<file name="modify_small1.gif" server="C:/wamp64/www/exflygo_com/" local="131702769000000000" remote="131702769000000000" Dst="2" />
<file name="next.gif" server="C:/wamp64/www/exflygo_com/" local="131702769000000000" remote="131702769000000000" Dst="2" />
<file name="post.gif" server="C:/wamp64/www/exflygo_com/" local="131702769000000000" remote="131702769000000000" Dst="2" />
<file name="post_a_reply.gif" server="C:/wamp64/www/exflygo_com/" local="131702769000000000" remote="131702769000000000" Dst="2" />
<file name="prev.gif" server="C:/wamp64/www/exflygo_com/" local="131702769000000000" remote="131702769000000000" Dst="2" />
<file name="psearch0.gif" server="C:/wamp64/www/exflygo_com/" local="131702769000000000" remote="131702769000000000" Dst="2" />
<file name="psearch1.gif" server="C:/wamp64/www/exflygo_com/" local="131702769000000000" remote="131702769000000000" Dst="2" />
<file name="psearch_click.gif" server="C:/wamp64/www/exflygo_com/" local="131702769000000000" remote="131702769000000000" Dst="2" />
<file name="read.gif" server="C:/wamp64/www/exflygo_com/" local="131702769000000000" remote="131702769000000000" Dst="2" />
<file name="section_welcome.gif" server="C:/wamp64/www/exflygo_com/" local="131702769000000000" remote="131702769000000000" Dst="2" />
<file name="space.gif" server="C:/wamp64/www/exflygo_com/" local="131702769000000000" remote="131702769000000000" Dst="2" />
<file name="spacer.gif" server="C:/wamp64/www/exflygo_com/" local="131702769000000000" remote="131702769000000000" Dst="2" />
<file name="submit.gif" server="C:/wamp64/www/exflygo_com/" local="131702769000000000" remote="131702769000000000" Dst="2" />
<file name="submit_click.gif" server="C:/wamp64/www/exflygo_com/" local="131702769000000000" remote="131702769000000000" Dst="2" />
<file name="submit_over.gif" server="C:/wamp64/www/exflygo_com/" local="131702769000000000" remote="131702769000000000" Dst="2" />
<file name="top_bg.gif" server="C:/wamp64/www/exflygo_com/" local="131702769000000000" remote="131702769000000000" Dst="2" />
<file name="top_logo.gif" server="C:/wamp64/www/exflygo_com/" local="131702769000000000" remote="131702769000000000" Dst="2" />
<file name="top_logo_extropia.gif" server="C:/wamp64/www/exflygo_com/" local="131702769000000000" remote="131702769000000000" Dst="2" />
<file name="top_right.gif" server="C:/wamp64/www/exflygo_com/" local="131702769000000000" remote="131702769000000000" Dst="2" />
<file name="view.gif" server="C:/wamp64/www/exflygo_com/" local="131702769000000000" remote="131702769000000000" Dst="2" />
<file name="view_click.gif" server="C:/wamp64/www/exflygo_com/" local="131702769000000000" remote="131702769000000000" Dst="2" />
<file name="view_over.gif" server="C:/wamp64/www/exflygo_com/" local="131702769000000000" remote="131702769000000000" Dst="2" />
<file name="web_cal_logo.gif" server="C:/wamp64/www/exflygo_com/" local="131702769000000000" remote="131702769000000000" Dst="2" />
<file name="web_db_logo.gif" server="C:/wamp64/www/exflygo_com/" local="131702769000000000" remote="131702769000000000" Dst="2" />
<file name="web_guestbook_logo.gif" server="C:/wamp64/www/exflygo_com/" local="131702769000000000" remote="131702769000000000" Dst="2" />
<file name="web_responder_logo.gif" server="C:/wamp64/www/exflygo_com/" local="131702769000000000" remote="131702769000000000" Dst="2" />
<file name="webstore_logo.gif" server="C:/wamp64/www/exflygo_com/" local="131702769000000000" remote="131702769000000000" Dst="2" />
<file name="wizard_logo.gif" server="C:/wamp64/www/exflygo_com/" local="131702769000000000" remote="131702769000000000" Dst="2" />
<file name="wizard_logo.gif" server="exfligo.myamyacf.com" local="131702769000000000" remote="131791716600000000" Dst="2" />
<file name="webstore_logo.gif" server="exfligo.myamyacf.com" local="131702769000000000" remote="131791716600000000" Dst="2" />
<file name="web_responder_logo.gif" server="exfligo.myamyacf.com" local="131702769000000000" remote="131791716600000000" Dst="2" />
<file name="web_guestbook_logo.gif" server="exfligo.myamyacf.com" local="131702769000000000" remote="131791716600000000" Dst="2" />
<file name="web_db_logo.gif" server="exfligo.myamyacf.com" local="131702769000000000" remote="131791716600000000" Dst="2" />
<file name="web_cal_logo.gif" server="exfligo.myamyacf.com" local="131702769000000000" remote="131791716600000000" Dst="2" />
<file name="view_over.gif" server="exfligo.myamyacf.com" local="131702769000000000" remote="131791716600000000" Dst="2" />
<file name="view_click.gif" server="exfligo.myamyacf.com" local="131702769000000000" remote="131791716600000000" Dst="2" />
<file name="view.gif" server="exfligo.myamyacf.com" local="131702769000000000" remote="131791716600000000" Dst="2" />
<file name="top_right.gif" server="exfligo.myamyacf.com" local="131702769000000000" remote="131791716600000000" Dst="2" />
<file name="top_logo_extropia.gif" server="exfligo.myamyacf.com" local="131702769000000000" remote="131791716600000000" Dst="2" />
<file name="top_logo.gif" server="exfligo.myamyacf.com" local="131702769000000000" remote="131791716600000000" Dst="2" />
<file name="top_bg.gif" server="exfligo.myamyacf.com" local="131702769000000000" remote="131791716600000000" Dst="2" />
<file name="submit_over.gif" server="exfligo.myamyacf.com" local="131702769000000000" remote="131791716600000000" Dst="2" />
<file name="submit_click.gif" server="exfligo.myamyacf.com" local="131702769000000000" remote="131791716600000000" Dst="2" />
<file name="submit.gif" server="exfligo.myamyacf.com" local="131702769000000000" remote="131791716600000000" Dst="2" />
<file name="spacer.gif" server="exfligo.myamyacf.com" local="131702769000000000" remote="131791716600000000" Dst="2" />
<file name="space.gif" server="exfligo.myamyacf.com" local="131702769000000000" remote="131791716600000000" Dst="2" />
<file name="section_welcome.gif" server="exfligo.myamyacf.com" local="131702769000000000" remote="131791716600000000" Dst="2" />
<file name="read.gif" server="exfligo.myamyacf.com" local="131702769000000000" remote="131791716600000000" Dst="2" />
<file name="psearch_click.gif" server="exfligo.myamyacf.com" local="131702769000000000" remote="131791716600000000" Dst="2" />
<file name="psearch1.gif" server="exfligo.myamyacf.com" local="131702769000000000" remote="131791716600000000" Dst="2" />
<file name="psearch0.gif" server="exfligo.myamyacf.com" local="131702769000000000" remote="131791716600000000" Dst="2" />
<file name="prev.gif" server="exfligo.myamyacf.com" local="131702769000000000" remote="131791716600000000" Dst="2" />
<file name="post_a_reply.gif" server="exfligo.myamyacf.com" local="131702769000000000" remote="131791716600000000" Dst="2" />
<file name="post.gif" server="exfligo.myamyacf.com" local="131702769000000000" remote="131791716600000000" Dst="2" />
<file name="next.gif" server="exfligo.myamyacf.com" local="131702769000000000" remote="131791716600000000" Dst="2" />
<file name="modify_small1.gif" server="exfligo.myamyacf.com" local="131702769000000000" remote="131791716600000000" Dst="2" />
<file name="modify_small.gif" server="exfligo.myamyacf.com" local="131702769000000000" remote="131791716600000000" Dst="2" />
<file name="modify_over.gif" server="exfligo.myamyacf.com" local="131702769000000000" remote="131791716600000000" Dst="2" />
<file name="modify_click.gif" server="exfligo.myamyacf.com" local="131702769000000000" remote="131791716600000000" Dst="2" />
<file name="modify.gif" server="exfligo.myamyacf.com" local="131702769000000000" remote="131791716600000000" Dst="2" />
<file name="mlm_logo.gif" server="exfligo.myamyacf.com" local="131702769000000000" remote="131791716600000000" Dst="2" />
<file name="message_archive_top.gif" server="exfligo.myamyacf.com" local="131702769000000000" remote="131791716600000000" Dst="2" />
<file name="masthead1.gif" server="exfligo.myamyacf.com" local="131702769000000000" remote="131791716600000000" Dst="2" />
<file name="masthead.gif" server="exfligo.myamyacf.com" local="131702769000000000" remote="131791716600000000" Dst="2" />
<file name="logo1.gif" server="exfligo.myamyacf.com" local="131702769000000000" remote="131791716600000000" Dst="2" />
<file name="logo.gif" server="exfligo.myamyacf.com" local="131702769000000000" remote="131791716600000000" Dst="2" />
<file name="links.gif" server="exfligo.myamyacf.com" local="131702769000000000" remote="131791716600000000" Dst="2" />
<file name="jblogo.jpg" server="exfligo.myamyacf.com" local="131702769000000000" remote="131791716600000000" Dst="2" />
<file name="home_click.gif" server="exfligo.myamyacf.com" local="131702769000000000" remote="131791716600000000" Dst="2" />
<file name="home1.gif" server="exfligo.myamyacf.com" local="131702769000000000" remote="131791716600000000" Dst="2" />
<file name="home0.gif" server="exfligo.myamyacf.com" local="131702769000000000" remote="131791716600000000" Dst="2" />
<file name="home.gif" server="exfligo.myamyacf.com" local="131702769000000000" remote="131791716600000000" Dst="2" />
<file name="extropia_logo.gif" server="exfligo.myamyacf.com" local="131702769000000000" remote="131791716600000000" Dst="2" />
<file name="delete_small1.gif" server="exfligo.myamyacf.com" local="131702769000000000" remote="131791716600000000" Dst="2" />
<file name="delete_small.gif" server="exfligo.myamyacf.com" local="131702769000000000" remote="131791716600000000" Dst="2" />
<file name="delete_over.gif" server="exfligo.myamyacf.com" local="131702769000000000" remote="131791716600000000" Dst="2" />
<file name="delete_click.gif" server="exfligo.myamyacf.com" local="131702769000000000" remote="131791716600000000" Dst="2" />
<file name="delete.gif" server="exfligo.myamyacf.com" local="131702769000000000" remote="131791716600000000" Dst="2" />
<file name="close_over.gif" server="exfligo.myamyacf.com" local="131702769000000000" remote="131791716600000000" Dst="2" />
<file name="close_click.gif" server="exfligo.myamyacf.com" local="131702769000000000" remote="131791716600000000" Dst="2" />
<file name="close.gif" server="exfligo.myamyacf.com" local="131702769000000000" remote="131791716600000000" Dst="2" />
<file name="bot_right.gif" server="exfligo.myamyacf.com" local="131702769000000000" remote="131791716600000000" Dst="2" />
<file name="bot_left_extropia.gif" server="exfligo.myamyacf.com" local="131702769000000000" remote="131791716600000000" Dst="2" />
<file name="bot_left.gif" server="exfligo.myamyacf.com" local="131702769000000000" remote="131791716600000000" Dst="2" />
<file name="bot_bg.gif" server="exfligo.myamyacf.com" local="131702769000000000" remote="131791716600000000" Dst="2" />
<file name="bg.gif" server="exfligo.myamyacf.com" local="131702769000000000" remote="131791716600000000" Dst="2" />
<file name="back.gif" server="exfligo.myamyacf.com" local="131702769000000000" remote="131791716600000000" Dst="2" />
<file name="add_click.gif" server="exfligo.myamyacf.com" local="131702769000000000" remote="131791716600000000" Dst="2" />
<file name="add1.gif" server="exfligo.myamyacf.com" local="131702769000000000" remote="131791716600000000" Dst="2" />
<file name="add0.gif" server="exfligo.myamyacf.com" local="131702769000000000" remote="131791716600000000" Dst="2" />
<file name="add.gif" server="exfligo.myamyacf.com" local="131702769000000000" remote="131791716600000000" Dst="2" />
<file name="add.gif" server="C:/wamp64/www/exfligo.com/" local="131702769000000000" remote="131702769000000000" Dst="2" />
<file name="add0.gif" server="C:/wamp64/www/exfligo.com/" local="131702769000000000" remote="131702769000000000" Dst="2" />
<file name="add1.gif" server="C:/wamp64/www/exfligo.com/" local="131702769000000000" remote="131702769000000000" Dst="2" />
<file name="add_click.gif" server="C:/wamp64/www/exfligo.com/" local="131702769000000000" remote="131702769000000000" Dst="2" />
<file name="back.gif" server="C:/wamp64/www/exfligo.com/" local="131702769000000000" remote="131702769000000000" Dst="2" />
<file name="bg.gif" server="C:/wamp64/www/exfligo.com/" local="131702769000000000" remote="131702769000000000" Dst="2" />
<file name="bot_bg.gif" server="C:/wamp64/www/exfligo.com/" local="131702769000000000" remote="131702769000000000" Dst="2" />
<file name="bot_left.gif" server="C:/wamp64/www/exfligo.com/" local="131702769000000000" remote="131702769000000000" Dst="2" />
<file name="bot_left_extropia.gif" server="C:/wamp64/www/exfligo.com/" local="131702769000000000" remote="131702769000000000" Dst="2" />
<file name="bot_right.gif" server="C:/wamp64/www/exfligo.com/" local="131702769000000000" remote="131702769000000000" Dst="2" />
<file name="close.gif" server="C:/wamp64/www/exfligo.com/" local="131702769000000000" remote="131702769000000000" Dst="2" />
<file name="close_click.gif" server="C:/wamp64/www/exfligo.com/" local="131702769000000000" remote="131702769000000000" Dst="2" />
<file name="close_over.gif" server="C:/wamp64/www/exfligo.com/" local="131702769000000000" remote="131702769000000000" Dst="2" />
<file name="delete.gif" server="C:/wamp64/www/exfligo.com/" local="131702769000000000" remote="131702769000000000" Dst="2" />
<file name="delete_click.gif" server="C:/wamp64/www/exfligo.com/" local="131702769000000000" remote="131702769000000000" Dst="2" />
<file name="delete_over.gif" server="C:/wamp64/www/exfligo.com/" local="131702769000000000" remote="131702769000000000" Dst="2" />
<file name="delete_small.gif" server="C:/wamp64/www/exfligo.com/" local="131702769000000000" remote="131702769000000000" Dst="2" />
<file name="delete_small1.gif" server="C:/wamp64/www/exfligo.com/" local="131702769000000000" remote="131702769000000000" Dst="2" />
<file name="extropia_logo.gif" server="C:/wamp64/www/exfligo.com/" local="131702769000000000" remote="131702769000000000" Dst="2" />
<file name="home.gif" server="C:/wamp64/www/exfligo.com/" local="131702769000000000" remote="131702769000000000" Dst="2" />
<file name="home0.gif" server="C:/wamp64/www/exfligo.com/" local="131702769000000000" remote="131702769000000000" Dst="2" />
<file name="home1.gif" server="C:/wamp64/www/exfligo.com/" local="131702769000000000" remote="131702769000000000" Dst="2" />
<file name="home_click.gif" server="C:/wamp64/www/exfligo.com/" local="131702769000000000" remote="131702769000000000" Dst="2" />
<file name="jblogo.jpg" server="C:/wamp64/www/exfligo.com/" local="131702769000000000" remote="131702769000000000" Dst="2" />
<file name="links.gif" server="C:/wamp64/www/exfligo.com/" local="131702769000000000" remote="131702769000000000" Dst="2" />
<file name="logo.gif" server="C:/wamp64/www/exfligo.com/" local="131702769000000000" remote="131702769000000000" Dst="2" />
<file name="logo1.gif" server="C:/wamp64/www/exfligo.com/" local="131702769000000000" remote="131702769000000000" Dst="2" />
<file name="masthead.gif" server="C:/wamp64/www/exfligo.com/" local="131702769000000000" remote="131702769000000000" Dst="2" />
<file name="masthead1.gif" server="C:/wamp64/www/exfligo.com/" local="131702769000000000" remote="131702769000000000" Dst="2" />
<file name="message_archive_top.gif" server="C:/wamp64/www/exfligo.com/" local="131702769000000000" remote="131702769000000000" Dst="2" />
<file name="mlm_logo.gif" server="C:/wamp64/www/exfligo.com/" local="131702769000000000" remote="131702769000000000" Dst="2" />
<file name="modify.gif" server="C:/wamp64/www/exfligo.com/" local="131702769000000000" remote="131702769000000000" Dst="2" />
<file name="modify_click.gif" server="C:/wamp64/www/exfligo.com/" local="131702769000000000" remote="131702769000000000" Dst="2" />
<file name="modify_over.gif" server="C:/wamp64/www/exfligo.com/" local="131702769000000000" remote="131702769000000000" Dst="2" />
<file name="modify_small.gif" server="C:/wamp64/www/exfligo.com/" local="131702769000000000" remote="131702769000000000" Dst="2" />
<file name="modify_small1.gif" server="C:/wamp64/www/exfligo.com/" local="131702769000000000" remote="131702769000000000" Dst="2" />
<file name="next.gif" server="C:/wamp64/www/exfligo.com/" local="131702769000000000" remote="131702769000000000" Dst="2" />
<file name="post.gif" server="C:/wamp64/www/exfligo.com/" local="131702769000000000" remote="131702769000000000" Dst="2" />
<file name="post_a_reply.gif" server="C:/wamp64/www/exfligo.com/" local="131702769000000000" remote="131702769000000000" Dst="2" />
<file name="prev.gif" server="C:/wamp64/www/exfligo.com/" local="131702769000000000" remote="131702769000000000" Dst="2" />
<file name="psearch0.gif" server="C:/wamp64/www/exfligo.com/" local="131702769000000000" remote="131702769000000000" Dst="2" />
<file name="psearch1.gif" server="C:/wamp64/www/exfligo.com/" local="131702769000000000" remote="131702769000000000" Dst="2" />
<file name="psearch_click.gif" server="C:/wamp64/www/exfligo.com/" local="131702769000000000" remote="131702769000000000" Dst="2" />
<file name="read.gif" server="C:/wamp64/www/exfligo.com/" local="131702769000000000" remote="131702769000000000" Dst="2" />
<file name="section_welcome.gif" server="C:/wamp64/www/exfligo.com/" local="131702769000000000" remote="131702769000000000" Dst="2" />
<file name="space.gif" server="C:/wamp64/www/exfligo.com/" local="131702769000000000" remote="131702769000000000" Dst="2" />
<file name="spacer.gif" server="C:/wamp64/www/exfligo.com/" local="131702769000000000" remote="131702769000000000" Dst="2" />
<file name="submit.gif" server="C:/wamp64/www/exfligo.com/" local="131702769000000000" remote="131702769000000000" Dst="2" />
<file name="submit_click.gif" server="C:/wamp64/www/exfligo.com/" local="131702769000000000" remote="131702769000000000" Dst="2" />
<file name="submit_over.gif" server="C:/wamp64/www/exfligo.com/" local="131702769000000000" remote="131702769000000000" Dst="2" />
<file name="top_bg.gif" server="C:/wamp64/www/exfligo.com/" local="131702769000000000" remote="131702769000000000" Dst="2" />
<file name="top_logo.gif" server="C:/wamp64/www/exfligo.com/" local="131702769000000000" remote="131702769000000000" Dst="2" />
<file name="top_logo_extropia.gif" server="C:/wamp64/www/exfligo.com/" local="131702769000000000" remote="131702769000000000" Dst="2" />
<file name="top_right.gif" server="C:/wamp64/www/exfligo.com/" local="131702769000000000" remote="131702769000000000" Dst="2" />
<file name="view.gif" server="C:/wamp64/www/exfligo.com/" local="131702769000000000" remote="131702769000000000" Dst="2" />
<file name="view_click.gif" server="C:/wamp64/www/exfligo.com/" local="131702769000000000" remote="131702769000000000" Dst="2" />
<file name="view_over.gif" server="C:/wamp64/www/exfligo.com/" local="131702769000000000" remote="131702769000000000" Dst="2" />
<file name="webstore_logo.gif" server="C:/wamp64/www/exfligo.com/" local="131702769000000000" remote="131702769000000000" Dst="2" />
<file name="web_cal_logo.gif" server="C:/wamp64/www/exfligo.com/" local="131702769000000000" remote="131702769000000000" Dst="2" />
<file name="web_db_logo.gif" server="C:/wamp64/www/exfligo.com/" local="131702769000000000" remote="131702769000000000" Dst="2" />
<file name="web_guestbook_logo.gif" server="C:/wamp64/www/exfligo.com/" local="131702769000000000" remote="131702769000000000" Dst="2" />
<file name="web_responder_logo.gif" server="C:/wamp64/www/exfligo.com/" local="131702769000000000" remote="131702769000000000" Dst="2" />
<file name="wizard_logo.gif" server="C:/wamp64/www/exfligo.com/" local="131702769000000000" remote="131702769000000000" Dst="2" />
<file name="add.gif" server="C:/xampp/htdocs/exfligo.com/" local="131702805000000000" remote="131702805000000000" Dst="1" />
<file name="add0.gif" server="C:/xampp/htdocs/exfligo.com/" local="131702805000000000" remote="131702805000000000" Dst="1" />
<file name="add1.gif" server="C:/xampp/htdocs/exfligo.com/" local="131702805000000000" remote="131702805000000000" Dst="1" />
<file name="add_click.gif" server="C:/xampp/htdocs/exfligo.com/" local="131702805000000000" remote="131702805000000000" Dst="1" />
<file name="back.gif" server="C:/xampp/htdocs/exfligo.com/" local="131702805000000000" remote="131702805000000000" Dst="1" />
<file name="bg.gif" server="C:/xampp/htdocs/exfligo.com/" local="131702805000000000" remote="131702805000000000" Dst="1" />
<file name="bot_bg.gif" server="C:/xampp/htdocs/exfligo.com/" local="131702805000000000" remote="131702805000000000" Dst="1" />
<file name="bot_left.gif" server="C:/xampp/htdocs/exfligo.com/" local="131702805000000000" remote="131702805000000000" Dst="1" />
<file name="bot_left_extropia.gif" server="C:/xampp/htdocs/exfligo.com/" local="131702805000000000" remote="131702805000000000" Dst="1" />
<file name="bot_right.gif" server="C:/xampp/htdocs/exfligo.com/" local="131702805000000000" remote="131702805000000000" Dst="1" />
<file name="close.gif" server="C:/xampp/htdocs/exfligo.com/" local="131702805000000000" remote="131702805000000000" Dst="1" />
<file name="close_click.gif" server="C:/xampp/htdocs/exfligo.com/" local="131702805000000000" remote="131702805000000000" Dst="1" />
<file name="close_over.gif" server="C:/xampp/htdocs/exfligo.com/" local="131702805000000000" remote="131702805000000000" Dst="1" />
<file name="delete.gif" server="C:/xampp/htdocs/exfligo.com/" local="131702805000000000" remote="131702805000000000" Dst="1" />
<file name="delete_click.gif" server="C:/xampp/htdocs/exfligo.com/" local="131702805000000000" remote="131702805000000000" Dst="1" />
<file name="delete_over.gif" server="C:/xampp/htdocs/exfligo.com/" local="131702805000000000" remote="131702805000000000" Dst="1" />
<file name="delete_small.gif" server="C:/xampp/htdocs/exfligo.com/" local="131702805000000000" remote="131702805000000000" Dst="1" />
<file name="delete_small1.gif" server="C:/xampp/htdocs/exfligo.com/" local="131702805000000000" remote="131702805000000000" Dst="1" />
<file name="extropia_logo.gif" server="C:/xampp/htdocs/exfligo.com/" local="131702805000000000" remote="131702805000000000" Dst="1" />
<file name="home.gif" server="C:/xampp/htdocs/exfligo.com/" local="131702805000000000" remote="131702805000000000" Dst="1" />
<file name="home0.gif" server="C:/xampp/htdocs/exfligo.com/" local="131702805000000000" remote="131702805000000000" Dst="1" />
<file name="home1.gif" server="C:/xampp/htdocs/exfligo.com/" local="131702805000000000" remote="131702805000000000" Dst="1" />
<file name="home_click.gif" server="C:/xampp/htdocs/exfligo.com/" local="131702805000000000" remote="131702805000000000" Dst="1" />
<file name="jblogo.jpg" server="C:/xampp/htdocs/exfligo.com/" local="131702805000000000" remote="131702805000000000" Dst="1" />
<file name="links.gif" server="C:/xampp/htdocs/exfligo.com/" local="131702805000000000" remote="131702805000000000" Dst="1" />
<file name="logo.gif" server="C:/xampp/htdocs/exfligo.com/" local="131702805000000000" remote="131702805000000000" Dst="1" />
<file name="logo1.gif" server="C:/xampp/htdocs/exfligo.com/" local="131702805000000000" remote="131702805000000000" Dst="1" />
<file name="masthead.gif" server="C:/xampp/htdocs/exfligo.com/" local="131702805000000000" remote="131702805000000000" Dst="1" />
<file name="masthead1.gif" server="C:/xampp/htdocs/exfligo.com/" local="131702805000000000" remote="131702805000000000" Dst="1" />
<file name="message_archive_top.gif" server="C:/xampp/htdocs/exfligo.com/" local="131702805000000000" remote="131702805000000000" Dst="1" />
<file name="mlm_logo.gif" server="C:/xampp/htdocs/exfligo.com/" local="131702805000000000" remote="131702805000000000" Dst="1" />
<file name="modify.gif" server="C:/xampp/htdocs/exfligo.com/" local="131702805000000000" remote="131702805000000000" Dst="1" />
<file name="modify_click.gif" server="C:/xampp/htdocs/exfligo.com/" local="131702805000000000" remote="131702805000000000" Dst="1" />
<file name="modify_over.gif" server="C:/xampp/htdocs/exfligo.com/" local="131702805000000000" remote="131702805000000000" Dst="1" />
<file name="modify_small.gif" server="C:/xampp/htdocs/exfligo.com/" local="131702805000000000" remote="131702805000000000" Dst="1" />
<file name="modify_small1.gif" server="C:/xampp/htdocs/exfligo.com/" local="131702805000000000" remote="131702805000000000" Dst="1" />
<file name="next.gif" server="C:/xampp/htdocs/exfligo.com/" local="131702805000000000" remote="131702805000000000" Dst="1" />
<file name="post.gif" server="C:/xampp/htdocs/exfligo.com/" local="131702805000000000" remote="131702805000000000" Dst="1" />
<file name="post_a_reply.gif" server="C:/xampp/htdocs/exfligo.com/" local="131702805000000000" remote="131702805000000000" Dst="1" />
<file name="prev.gif" server="C:/xampp/htdocs/exfligo.com/" local="131702805000000000" remote="131702805000000000" Dst="1" />
<file name="psearch0.gif" server="C:/xampp/htdocs/exfligo.com/" local="131702805000000000" remote="131702805000000000" Dst="1" />
<file name="psearch1.gif" server="C:/xampp/htdocs/exfligo.com/" local="131702805000000000" remote="131702805000000000" Dst="1" />
<file name="psearch_click.gif" server="C:/xampp/htdocs/exfligo.com/" local="131702805000000000" remote="131702805000000000" Dst="1" />
<file name="read.gif" server="C:/xampp/htdocs/exfligo.com/" local="131702805000000000" remote="131702805000000000" Dst="1" />
<file name="section_welcome.gif" server="C:/xampp/htdocs/exfligo.com/" local="131702805000000000" remote="131702805000000000" Dst="1" />
<file name="space.gif" server="C:/xampp/htdocs/exfligo.com/" local="131702805000000000" remote="131702805000000000" Dst="1" />
<file name="spacer.gif" server="C:/xampp/htdocs/exfligo.com/" local="131702805000000000" remote="131702805000000000" Dst="1" />
<file name="submit.gif" server="C:/xampp/htdocs/exfligo.com/" local="131702805000000000" remote="131702805000000000" Dst="1" />
<file name="submit_click.gif" server="C:/xampp/htdocs/exfligo.com/" local="131702805000000000" remote="131702805000000000" Dst="1" />
<file name="submit_over.gif" server="C:/xampp/htdocs/exfligo.com/" local="131702805000000000" remote="131702805000000000" Dst="1" />
<file name="top_bg.gif" server="C:/xampp/htdocs/exfligo.com/" local="131702805000000000" remote="131702805000000000" Dst="1" />
<file name="top_logo.gif" server="C:/xampp/htdocs/exfligo.com/" local="131702805000000000" remote="131702805000000000" Dst="1" />
<file name="top_logo_extropia.gif" server="C:/xampp/htdocs/exfligo.com/" local="131702805000000000" remote="131702805000000000" Dst="1" />
<file name="top_right.gif" server="C:/xampp/htdocs/exfligo.com/" local="131702805000000000" remote="131702805000000000" Dst="1" />
<file name="view.gif" server="C:/xampp/htdocs/exfligo.com/" local="131702805000000000" remote="131702805000000000" Dst="1" />
<file name="view_click.gif" server="C:/xampp/htdocs/exfligo.com/" local="131702805000000000" remote="131702805000000000" Dst="1" />
<file name="view_over.gif" server="C:/xampp/htdocs/exfligo.com/" local="131702805000000000" remote="131702805000000000" Dst="1" />
<file name="web_cal_logo.gif" server="C:/xampp/htdocs/exfligo.com/" local="131702805000000000" remote="131702805000000000" Dst="1" />
<file name="web_db_logo.gif" server="C:/xampp/htdocs/exfligo.com/" local="131702805000000000" remote="131702805000000000" Dst="1" />
<file name="web_guestbook_logo.gif" server="C:/xampp/htdocs/exfligo.com/" local="131702805000000000" remote="131702805000000000" Dst="1" />
<file name="web_responder_logo.gif" server="C:/xampp/htdocs/exfligo.com/" local="131702805000000000" remote="131702805000000000" Dst="1" />
<file name="webstore_logo.gif" server="C:/xampp/htdocs/exfligo.com/" local="131702805000000000" remote="131702805000000000" Dst="1" />
<file name="wizard_logo.gif" server="C:/xampp/htdocs/exfligo.com/" local="131702805000000000" remote="131702805000000000" Dst="1" />
</dwsync>