<?xml version="1.0" encoding="utf-8" ?>
<dwsync>
<file name="jquery-migrate-1.4.1.js" server="C:/wamp64/www/exflygo_com/" local="131784075000000000" remote="131784075000000000" Dst="2" />
<file name="jquery-migrate-3.0.0.js" server="C:/wamp64/www/exflygo_com/" local="131784075000000000" remote="131784075000000000" Dst="2" />
<file name="jquery-migrate-3.0.0.js" server="ftp.myamyacf.com" local="131784075000000000" remote="131789897400000000" Dst="2" />
<file name="jquery-migrate-1.4.1.js" server="ftp.myamyacf.com" local="131784075000000000" remote="131789897400000000" Dst="2" />
<file name="c5adec47" server="C:/wamp64/www/exfligo.com/" local="131784075000000000" remote="131784075000000000" Dst="2" />
<file name="jquery-3.3.1.js" server="C:/wamp64/www/exfligo.com/" local="131784075000000000" remote="131784075000000000" Dst="2" />
<file name="jquery-migrate-1.4.1.js" server="C:/wamp64/www/exfligo.com/" local="131784075000000000" remote="131784075000000000" Dst="2" />
<file name="jquery-migrate-3.0.0.js" server="C:/wamp64/www/exfligo.com/" local="131784075000000000" remote="131784075000000000" Dst="2" />
<file name="c5adec47" server="exfligo.myamyacf.com" local="131784075000000000" remote="131792040600000000" Dst="2" />
<file name="c5adec47" server="C:/xampp/htdocs/exfligo.com/" local="131784111000000000" remote="131784111000000000" Dst="1" />
<file name="jquery-3.3.1.js" server="C:/xampp/htdocs/exfligo.com/" local="131784111000000000" remote="131784111000000000" Dst="1" />
<file name="jquery-migrate-1.4.1.js" server="C:/xampp/htdocs/exfligo.com/" local="131784111000000000" remote="131784111000000000" Dst="1" />
<file name="jquery-migrate-3.0.0.js" server="C:/xampp/htdocs/exfligo.com/" local="131784111000000000" remote="131784111000000000" Dst="1" />
</dwsync>