<?xml version="1.0" encoding="utf-8" ?>
<dwsync>
<file name="ui-icons_444444_256x240.png" server="C:/wamp64/www/exflygo_com/" local="131784075000000000" remote="131784075000000000" Dst="2" />
<file name="ui-icons_555555_256x240.png" server="C:/wamp64/www/exflygo_com/" local="131784075000000000" remote="131784075000000000" Dst="2" />
<file name="ui-icons_777620_256x240.png" server="C:/wamp64/www/exflygo_com/" local="131784075000000000" remote="131784075000000000" Dst="2" />
<file name="ui-icons_777777_256x240.png" server="C:/wamp64/www/exflygo_com/" local="131784075000000000" remote="131784075000000000" Dst="2" />
<file name="ui-icons_cc0000_256x240.png" server="C:/wamp64/www/exflygo_com/" local="131784075000000000" remote="131784075000000000" Dst="2" />
<file name="ui-icons_ffffff_256x240.png" server="C:/wamp64/www/exflygo_com/" local="131784075000000000" remote="131784075000000000" Dst="2" />
<file name="ui-icons_ffffff_256x240.png" server="ftp.myamyacf.com" local="131784075000000000" remote="131789897400000000" Dst="2" />
<file name="ui-icons_cc0000_256x240.png" server="ftp.myamyacf.com" local="131784075000000000" remote="131789897400000000" Dst="2" />
<file name="ui-icons_777777_256x240.png" server="ftp.myamyacf.com" local="131784075000000000" remote="131789897400000000" Dst="2" />
<file name="ui-icons_777620_256x240.png" server="ftp.myamyacf.com" local="131784075000000000" remote="131789897400000000" Dst="2" />
<file name="ui-icons_555555_256x240.png" server="ftp.myamyacf.com" local="131784075000000000" remote="131789897400000000" Dst="2" />
<file name="ui-icons_444444_256x240.png" server="ftp.myamyacf.com" local="131784075000000000" remote="131789897400000000" Dst="2" />
<file name="ui-icons_444444_256x240.png" server="C:/wamp64/www/exfligo.com/" local="131784075000000000" remote="131784075000000000" Dst="2" />
<file name="ui-icons_555555_256x240.png" server="C:/wamp64/www/exfligo.com/" local="131784075000000000" remote="131784075000000000" Dst="2" />
<file name="ui-icons_777620_256x240.png" server="C:/wamp64/www/exfligo.com/" local="131784075000000000" remote="131784075000000000" Dst="2" />
<file name="ui-icons_777777_256x240.png" server="C:/wamp64/www/exfligo.com/" local="131784075000000000" remote="131784075000000000" Dst="2" />
<file name="ui-icons_cc0000_256x240.png" server="C:/wamp64/www/exfligo.com/" local="131784075000000000" remote="131784075000000000" Dst="2" />
<file name="ui-icons_ffffff_256x240.png" server="C:/wamp64/www/exfligo.com/" local="131784075000000000" remote="131784075000000000" Dst="2" />
<file name="ui-icons_444444_256x240.png" server="C:/xampp/htdocs/exfligo.com/" local="131784111000000000" remote="131784111000000000" Dst="1" />
<file name="ui-icons_555555_256x240.png" server="C:/xampp/htdocs/exfligo.com/" local="131784111000000000" remote="131784111000000000" Dst="1" />
<file name="ui-icons_777620_256x240.png" server="C:/xampp/htdocs/exfligo.com/" local="131784111000000000" remote="131784111000000000" Dst="1" />
<file name="ui-icons_777777_256x240.png" server="C:/xampp/htdocs/exfligo.com/" local="131784111000000000" remote="131784111000000000" Dst="1" />
<file name="ui-icons_cc0000_256x240.png" server="C:/xampp/htdocs/exfligo.com/" local="131784111000000000" remote="131784111000000000" Dst="1" />
<file name="ui-icons_ffffff_256x240.png" server="C:/xampp/htdocs/exfligo.com/" local="131784111000000000" remote="131784111000000000" Dst="1" />
</dwsync>