<?xml version="1.0" encoding="utf-8" ?>
<dwsync>
<file name="jquery.js" server="ftp.myamyacf.com" local="131770090800000000" remote="131770090800000000" Dst="2" />
<file name="bootstrap.min.js" server="ftp.myamyacf.com" local="131770090800000000" remote="131770090800000000" Dst="2" />
<file name="bootstrap.min.js" server="C:/wamp64/www/exflygo_com/" local="131770090800000000" remote="131770090800000000" Dst="2" />
<file name="jquery.js" server="C:/wamp64/www/exflygo_com/" local="131770090800000000" remote="131770090800000000" Dst="2" />
<file name="jquery.js" server="exfligo.myamyacf.com" local="131770090800000000" remote="131791715400000000" Dst="2" />
<file name="bootstrap.min.js" server="exfligo.myamyacf.com" local="131770090800000000" remote="131791715400000000" Dst="2" />
<file name="bootstrap.min.js" server="C:/wamp64/www/exfligo.com/" local="131770090800000000" remote="131770090800000000" Dst="2" />
<file name="jquery.js" server="C:/wamp64/www/exfligo.com/" local="131770090800000000" remote="131770090800000000" Dst="2" />
<file name="bootstrap.min.js" server="C:/xampp/htdocs/exfligo.com/" local="131770126800000000" remote="131770126800000000" Dst="1" />
<file name="jquery.js" server="C:/xampp/htdocs/exfligo.com/" local="131770126800000000" remote="131770126800000000" Dst="1" />
</dwsync>