<?xml version="1.0" encoding="utf-8" ?>
<dwsync>
<file name="slick.jquery.json" server="C:/wamp64/www/exfligo.com/" local="131793428514328964" remote="131793428510000000" Dst="2" />
<file name="README.markdown" server="C:/wamp64/www/exfligo.com/" local="131793428512477633" remote="131793428510000000" Dst="2" />
<file name="package.json" server="C:/wamp64/www/exfligo.com/" local="131793428514078477" remote="131793428510000000" Dst="2" />
<file name="Makefile" server="C:/wamp64/www/exfligo.com/" local="131793428512177439" remote="131793428510000000" Dst="2" />
<file name="LICENSE" server="C:/wamp64/www/exfligo.com/" local="131793428511927323" remote="131793428510000000" Dst="2" />
<file name="ISSUE_TEMPLATE.md" server="C:/wamp64/www/exfligo.com/" local="131793428511627137" remote="131793428510000000" Dst="2" />
<file name="index.html" server="C:/wamp64/www/exfligo.com/" local="131793428513728256" remote="131793428510000000" Dst="2" />
<file name="CONTRIBUTING.markdown" server="C:/wamp64/www/exfligo.com/" local="131793428511326982" remote="131793428510000000" Dst="2" />
<file name="component.json" server="C:/wamp64/www/exfligo.com/" local="131793428513077940" remote="131793428510000000" Dst="2" />
<file name="bower.json" server="C:/wamp64/www/exfligo.com/" local="131793428512777750" remote="131793428510000000" Dst="2" />
<file name=".gitignore" server="C:/wamp64/www/exfligo.com/" local="131793428510874169" remote="131793428510000000" Dst="2" />
<file name=".gitignore" server="C:/xampp/htdocs/exfligo.com/" local="131793464510000000" remote="131793464510000000" Dst="1" />
<file name="bower.json" server="C:/xampp/htdocs/exfligo.com/" local="131793464510000000" remote="131793464510000000" Dst="1" />
<file name="component.json" server="C:/xampp/htdocs/exfligo.com/" local="131793464510000000" remote="131793464510000000" Dst="1" />
<file name="CONTRIBUTING.markdown" server="C:/xampp/htdocs/exfligo.com/" local="131793464510000000" remote="131793464510000000" Dst="1" />
<file name="index.html" server="C:/xampp/htdocs/exfligo.com/" local="131793464510000000" remote="131793464510000000" Dst="1" />
<file name="ISSUE_TEMPLATE.md" server="C:/xampp/htdocs/exfligo.com/" local="131793464510000000" remote="131793464510000000" Dst="1" />
<file name="LICENSE" server="C:/xampp/htdocs/exfligo.com/" local="131793464510000000" remote="131793464510000000" Dst="1" />
<file name="Makefile" server="C:/xampp/htdocs/exfligo.com/" local="131793464510000000" remote="131793464510000000" Dst="1" />
<file name="package.json" server="C:/xampp/htdocs/exfligo.com/" local="131793464510000000" remote="131793464510000000" Dst="1" />
<file name="README.markdown" server="C:/xampp/htdocs/exfligo.com/" local="131793464510000000" remote="131793464510000000" Dst="1" />
<file name="slick.jquery.json" server="C:/xampp/htdocs/exfligo.com/" local="131793464510000000" remote="131793464510000000" Dst="1" />
</dwsync>