<?xml version="1.0" encoding="utf-8" ?>
<dwsync>
<file name="slick.eot" server="C:/wamp64/www/exfligo.com/" local="131793428520535417" remote="131793428520000000" Dst="2" />
<file name="slick.woff" server="C:/wamp64/www/exfligo.com/" local="131793428521778728" remote="131793428520000000" Dst="2" />
<file name="slick.ttf" server="C:/wamp64/www/exfligo.com/" local="131793428521497977" remote="131793428520000000" Dst="2" />
<file name="slick.svg" server="C:/wamp64/www/exfligo.com/" local="131793428520946502" remote="131793428520000000" Dst="2" />
<file name="slick.eot" server="C:/xampp/htdocs/exfligo.com/" local="131793464520000000" remote="131793464520000000" Dst="1" />
<file name="slick.svg" server="C:/xampp/htdocs/exfligo.com/" local="131793464520000000" remote="131793464520000000" Dst="1" />
<file name="slick.ttf" server="C:/xampp/htdocs/exfligo.com/" local="131793464520000000" remote="131793464520000000" Dst="1" />
<file name="slick.woff" server="C:/xampp/htdocs/exfligo.com/" local="131793464520000000" remote="131793464520000000" Dst="1" />
</dwsync>