<?xml version="1.0" encoding="utf-8" ?>
<dwsync>
<file name="bootstrap.bundle.js" server="C:/wamp64/www/exflygo_com/" local="131790302995394283" remote="131790302990000000" Dst="2" />
<file name="bootstrap.bundle.js.map" server="C:/wamp64/www/exflygo_com/" local="131784073800000000" remote="131784073800000000" Dst="2" />
<file name="bootstrap.bundle.min.js" server="C:/wamp64/www/exflygo_com/" local="131790303079389524" remote="131790303070000000" Dst="2" />
<file name="bootstrap.bundle.min.js.map" server="C:/wamp64/www/exflygo_com/" local="131784073800000000" remote="131784073800000000" Dst="2" />
<file name="bootstrap.js" server="C:/wamp64/www/exflygo_com/" local="131784073800000000" remote="131784073800000000" Dst="2" />
<file name="bootstrap.js.map" server="C:/wamp64/www/exflygo_com/" local="131784073800000000" remote="131784073800000000" Dst="2" />
<file name="bootstrap.min.js" server="C:/wamp64/www/exflygo_com/" local="131784073800000000" remote="131784073800000000" Dst="2" />
<file name="bootstrap.min.js.map" server="C:/wamp64/www/exflygo_com/" local="131784073800000000" remote="131784073800000000" Dst="2" />
<file name="bootstrap.bundle.js" server="ftp.myamyacf.com" local="131784073800000000" remote="131789896200000000" Dst="2" />
<file name="bootstrap.bundle.js.map" server="ftp.myamyacf.com" local="131784073800000000" remote="131789896200000000" Dst="2" />
<file name="bootstrap.bundle.min.js" server="ftp.myamyacf.com" local="131784073800000000" remote="131789896200000000" Dst="2" />
<file name="bootstrap.bundle.min.js.map" server="ftp.myamyacf.com" local="131784073800000000" remote="131789896200000000" Dst="2" />
<file name="bootstrap.js" server="ftp.myamyacf.com" local="131784073800000000" remote="131789896200000000" Dst="2" />
<file name="bootstrap.js.map" server="ftp.myamyacf.com" local="131784073800000000" remote="131789896200000000" Dst="2" />
<file name="bootstrap.min.js" server="ftp.myamyacf.com" local="131784073800000000" remote="131789896200000000" Dst="2" />
<file name="bootstrap.min.js.map" server="ftp.myamyacf.com" local="131784073800000000" remote="131789896200000000" Dst="2" />
<file name="bootstrap.min.js" server="exfligo.myamyacf.com" local="131784073800000000" remote="131791842600000000" Dst="2" />
<file name="bootstrap.bundle.js" server="exfligo.myamyacf.com" local="131790975000000000" remote="131790975000000000" Dst="2" />
<file name="bootstrap.bundle.js.map" server="exfligo.myamyacf.com" local="131789896200000000" remote="131789896200000000" Dst="2" />
<file name="bootstrap.bundle.min.js" server="exfligo.myamyacf.com" local="131790975000000000" remote="131790975000000000" Dst="2" />
<file name="bootstrap.bundle.min.js.map" server="exfligo.myamyacf.com" local="131789896200000000" remote="131789896200000000" Dst="2" />
<file name="bootstrap.js" server="exfligo.myamyacf.com" local="131789896200000000" remote="131789896200000000" Dst="2" />
<file name="bootstrap.js.map" server="exfligo.myamyacf.com" local="131789896200000000" remote="131789896200000000" Dst="2" />
<file name="bootstrap.min.js.map" server="exfligo.myamyacf.com" local="131789896200000000" remote="131789896200000000" Dst="2" />
<file name="bootstrap.min.js" server="C:/wamp64/www/exfligo.com/" local="131784073800000000" remote="131784073800000000" Dst="2" />
<file name="bootstrap.bundle.js" server="C:/wamp64/www/exfligo.com/" local="131790975000000000" remote="131790975000000000" Dst="2" />
<file name="bootstrap.bundle.js.map" server="C:/wamp64/www/exfligo.com/" local="131789896200000000" remote="131789896200000000" Dst="2" />
<file name="bootstrap.bundle.min.js" server="C:/wamp64/www/exfligo.com/" local="131790975000000000" remote="131790975000000000" Dst="2" />
<file name="bootstrap.bundle.min.js.map" server="C:/wamp64/www/exfligo.com/" local="131789896200000000" remote="131789896200000000" Dst="2" />
<file name="bootstrap.js" server="C:/wamp64/www/exfligo.com/" local="131789896200000000" remote="131789896200000000" Dst="2" />
<file name="bootstrap.js.map" server="C:/wamp64/www/exfligo.com/" local="131789896200000000" remote="131789896200000000" Dst="2" />
<file name="bootstrap.min.js.map" server="C:/wamp64/www/exfligo.com/" local="131789896200000000" remote="131789896200000000" Dst="2" />
<file name="bootstrap.bundle.js" server="C:/xampp/htdocs/exfligo.com/" local="131791011000000000" remote="131791011000000000" Dst="1" />
<file name="bootstrap.bundle.js.map" server="C:/xampp/htdocs/exfligo.com/" local="131789932200000000" remote="131789932200000000" Dst="1" />
<file name="bootstrap.bundle.min.js" server="C:/xampp/htdocs/exfligo.com/" local="131791011000000000" remote="131791011000000000" Dst="1" />
<file name="bootstrap.bundle.min.js.map" server="C:/xampp/htdocs/exfligo.com/" local="131789932200000000" remote="131789932200000000" Dst="1" />
<file name="bootstrap.js" server="C:/xampp/htdocs/exfligo.com/" local="131789932200000000" remote="131789932200000000" Dst="1" />
<file name="bootstrap.js.map" server="C:/xampp/htdocs/exfligo.com/" local="131789932200000000" remote="131789932200000000" Dst="1" />
<file name="bootstrap.min.js" server="C:/xampp/htdocs/exfligo.com/" local="131784109800000000" remote="131784109800000000" Dst="1" />
<file name="bootstrap.min.js.map" server="C:/xampp/htdocs/exfligo.com/" local="131789932200000000" remote="131789932200000000" Dst="1" />
</dwsync>