<?xml version="1.0" encoding="utf-8" ?>
<dwsync>
<file name=".htaccess.original" server="ftp.myamyacf.com" local="131702769000000000" remote="131702769000000000" Dst="2" />
<file name=".htaccess" server="ftp.myamyacf.com" local="131702769000000000" remote="131702769000000000" Dst="2" />
<file name=".htaccess" server="C:/wamp64/www/exflygo_com/" local="131702769000000000" remote="131702769000000000" Dst="2" />
<file name=".htaccess.original" server="C:/wamp64/www/exflygo_com/" local="131702769000000000" remote="131702769000000000" Dst="2" />
<file name=".htaccess.original" server="exfligo.myamyacf.com" local="131702769000000000" remote="131791716000000000" Dst="2" />
<file name=".htaccess" server="exfligo.myamyacf.com" local="131702769000000000" remote="131791716000000000" Dst="2" />
<file name=".htaccess" server="C:/wamp64/www/exfligo.com/" local="131702769000000000" remote="131702769000000000" Dst="2" />
<file name=".htaccess.original" server="C:/wamp64/www/exfligo.com/" local="131702769000000000" remote="131702769000000000" Dst="2" />
<file name=".htaccess" server="C:/xampp/htdocs/exfligo.com/" local="131702805000000000" remote="131702805000000000" Dst="1" />
<file name=".htaccess.original" server="C:/xampp/htdocs/exfligo.com/" local="131702805000000000" remote="131702805000000000" Dst="1" />
</dwsync>