<?xml version="1.0" encoding="utf-8" ?>
<dwsync>
<file name="ajax-loader.gif" server="C:/wamp64/www/exfligo.com/" local="131793428514578735" remote="131793428510000000" Dst="2" />
<file name="slick-theme.css" server="C:/wamp64/www/exfligo.com/" local="131793428585214993" remote="131793428580000000" Dst="2" />
<file name="slick.css" server="C:/wamp64/www/exfligo.com/" local="131793428584614613" remote="131793428580000000" Dst="2" />
<file name="slick.min.js" server="C:/wamp64/www/exfligo.com/" local="131793428519452533" remote="131793428510000000" Dst="2" />
<file name="slick.scss" server="C:/wamp64/www/exfligo.com/" local="131793428519753342" remote="131793428510000000" Dst="2" />
<file name="slick.less" server="C:/wamp64/www/exfligo.com/" local="131793428517630386" remote="131793428510000000" Dst="2" />
<file name="slick.js" server="C:/wamp64/www/exfligo.com/" local="131793428517380210" remote="131793428510000000" Dst="2" />
<file name="slick-theme.scss" server="C:/wamp64/www/exfligo.com/" local="131793428516029486" remote="131793428510000000" Dst="2" />
<file name="slick-theme.less" server="C:/wamp64/www/exfligo.com/" local="131793428515479189" remote="131793428510000000" Dst="2" />
<file name="config.rb" server="C:/wamp64/www/exfligo.com/" local="131793428514828864" remote="131793428510000000" Dst="2" />
<file name="ajax-loader.gif" server="C:/xampp/htdocs/exfligo.com/" local="131793464510000000" remote="131793464510000000" Dst="1" />
<file name="config.rb" server="C:/xampp/htdocs/exfligo.com/" local="131793464510000000" remote="131793464510000000" Dst="1" />
<file name="slick-theme.css" server="C:/xampp/htdocs/exfligo.com/" local="131793464580000000" remote="131793464580000000" Dst="1" />
<file name="slick-theme.less" server="C:/xampp/htdocs/exfligo.com/" local="131793464510000000" remote="131793464510000000" Dst="1" />
<file name="slick-theme.scss" server="C:/xampp/htdocs/exfligo.com/" local="131793464510000000" remote="131793464510000000" Dst="1" />
<file name="slick.css" server="C:/xampp/htdocs/exfligo.com/" local="131793464580000000" remote="131793464580000000" Dst="1" />
<file name="slick.js" server="C:/xampp/htdocs/exfligo.com/" local="131793464510000000" remote="131793464510000000" Dst="1" />
<file name="slick.less" server="C:/xampp/htdocs/exfligo.com/" local="131793464510000000" remote="131793464510000000" Dst="1" />
<file name="slick.min.js" server="C:/xampp/htdocs/exfligo.com/" local="131793464510000000" remote="131793464510000000" Dst="1" />
<file name="slick.scss" server="C:/xampp/htdocs/exfligo.com/" local="131793464510000000" remote="131793464510000000" Dst="1" />
</dwsync>