<?xml version="1.0" encoding="utf-8" ?>
<dwsync>
<file name="jquery.ui.core.min.css" server="C:/xampp/htdocs/Exflygo_com/" local="131711552020000000" remote="131711552020000000" Dst="2" />
<file name="jquery.ui.theme.min.css" server="C:/xampp/htdocs/Exflygo_com/" local="131711552020000000" remote="131711552020000000" Dst="2" />
<file name="jquery.ui.tabs.min.css" server="C:/xampp/htdocs/Exflygo_com/" local="131711552020000000" remote="131711552020000000" Dst="2" />
<file name="jquery-1.11.1.min.js" server="C:/xampp/htdocs/Exflygo_com/" local="131711552020000000" remote="131711552020000000" Dst="2" />
<file name="jquery.ui-1.10.4.tabs.min.js" server="C:/xampp/htdocs/Exflygo_com/" local="131711552020000000" remote="131711552020000000" Dst="2" />
<file name="jquery-1.11.1.min.js" server="C:/wamp64/www/exflygo_com/" local="131784083409139777" remote="131784083400000000" Dst="2" />
<file name="jquery.ui-1.10.4.tabs.min.js" server="C:/wamp64/www/exflygo_com/" local="131711552020000000" remote="131711552020000000" Dst="2" />
<file name="jquery.ui.core.min.css" server="C:/wamp64/www/exflygo_com/" local="131711552020000000" remote="131711552020000000" Dst="2" />
<file name="jquery.ui.tabs.min.css" server="C:/wamp64/www/exflygo_com/" local="131711552020000000" remote="131711552020000000" Dst="2" />
<file name="jquery.ui.theme.min.css" server="C:/wamp64/www/exflygo_com/" local="131784083427039389" remote="131784083420000000" Dst="2" />
<file name="jquery.ui.theme.min.css" server="ftp.myamyacf.com" local="131784083427039389" remote="131789897400000000" Dst="2" />
<file name="jquery.ui.core.min.css" server="ftp.myamyacf.com" local="131711552020000000" remote="131789897400000000" Dst="2" />
<file name="jquery.ui.tabs.min.css" server="ftp.myamyacf.com" local="131711552020000000" remote="131789897400000000" Dst="2" />
<file name="jquery-1.11.1.min.js" server="ftp.myamyacf.com" local="131784083409139777" remote="131789897400000000" Dst="2" />
<file name="jquery.ui-1.10.4.tabs.min.js" server="ftp.myamyacf.com" local="131711552020000000" remote="131789897400000000" Dst="2" />
<file name="jquery.ui.core.min.css" server="exfligo.myamyacf.com" local="131711552020000000" remote="131791842600000000" Dst="2" />
<file name="jquery.ui.theme.min.css" server="exfligo.myamyacf.com" local="131784083427039389" remote="131791842600000000" Dst="2" />
<file name="jquery.ui.tabs.min.css" server="exfligo.myamyacf.com" local="131711552020000000" remote="131791842600000000" Dst="2" />
<file name="jquery-1.11.1.min.js" server="exfligo.myamyacf.com" local="131784083409139777" remote="131791842600000000" Dst="2" />
<file name="jquery.ui-1.10.4.tabs.min.js" server="exfligo.myamyacf.com" local="131711552020000000" remote="131791842600000000" Dst="2" />
<file name="jquery.ui.core.min.css" server="C:/wamp64/www/exfligo.com/" local="131711552020000000" remote="131711552020000000" Dst="2" />
<file name="jquery.ui.theme.min.css" server="C:/wamp64/www/exfligo.com/" local="131784083427039389" remote="131784083420000000" Dst="2" />
<file name="jquery.ui.tabs.min.css" server="C:/wamp64/www/exfligo.com/" local="131711552020000000" remote="131711552020000000" Dst="2" />
<file name="jquery-1.11.1.min.js" server="C:/wamp64/www/exfligo.com/" local="131784083409139777" remote="131784083400000000" Dst="2" />
<file name="jquery.ui-1.10.4.tabs.min.js" server="C:/wamp64/www/exfligo.com/" local="131711552020000000" remote="131711552020000000" Dst="2" />
<file name="jquery-1.11.1.min.js" server="C:/xampp/htdocs/exfligo.com/" local="131784119400000000" remote="131784119400000000" Dst="1" />
<file name="jquery.ui-1.10.4.tabs.min.js" server="C:/xampp/htdocs/exfligo.com/" local="131711588020000000" remote="131711588020000000" Dst="1" />
<file name="jquery.ui.core.min.css" server="C:/xampp/htdocs/exfligo.com/" local="131711588020000000" remote="131711588020000000" Dst="1" />
<file name="jquery.ui.tabs.min.css" server="C:/xampp/htdocs/exfligo.com/" local="131711588020000000" remote="131711588020000000" Dst="1" />
<file name="jquery.ui.theme.min.css" server="C:/xampp/htdocs/exfligo.com/" local="131784119420000000" remote="131784119420000000" Dst="1" />
</dwsync>