<?xml version="1.0" encoding="utf-8" ?>
<dwsync>
<file name="open-iconic-bootstrap.css" server="C:/wamp64/www/exflygo_com/" local="131784090770060673" remote="131784090770000000" Dst="2" />
<file name="open-iconic-bootstrap.less" server="C:/wamp64/www/exflygo_com/" local="131784075600000000" remote="131784075600000000" Dst="2" />
<file name="open-iconic-bootstrap.min.css" server="C:/wamp64/www/exflygo_com/" local="131784075600000000" remote="131784075600000000" Dst="2" />
<file name="open-iconic-bootstrap.scss" server="C:/wamp64/www/exflygo_com/" local="131784075600000000" remote="131784075600000000" Dst="2" />
<file name="open-iconic-bootstrap.styl" server="C:/wamp64/www/exflygo_com/" local="131784075600000000" remote="131784075600000000" Dst="2" />
<file name="open-iconic-foundation.css" server="C:/wamp64/www/exflygo_com/" local="131784090770191037" remote="131784090770000000" Dst="2" />
<file name="open-iconic-foundation.less" server="C:/wamp64/www/exflygo_com/" local="131784075600000000" remote="131784075600000000" Dst="2" />
<file name="open-iconic-foundation.min.css" server="C:/wamp64/www/exflygo_com/" local="131784075600000000" remote="131784075600000000" Dst="2" />
<file name="open-iconic-foundation.scss" server="C:/wamp64/www/exflygo_com/" local="131784075600000000" remote="131784075600000000" Dst="2" />
<file name="open-iconic-foundation.styl" server="C:/wamp64/www/exflygo_com/" local="131784075600000000" remote="131784075600000000" Dst="2" />
<file name="open-iconic.css" server="C:/wamp64/www/exflygo_com/" local="131784090770135899" remote="131784090770000000" Dst="2" />
<file name="open-iconic.less" server="C:/wamp64/www/exflygo_com/" local="131784075600000000" remote="131784075600000000" Dst="2" />
<file name="open-iconic.min.css" server="C:/wamp64/www/exflygo_com/" local="131784075600000000" remote="131784075600000000" Dst="2" />
<file name="open-iconic.scss" server="C:/wamp64/www/exflygo_com/" local="131784075600000000" remote="131784075600000000" Dst="2" />
<file name="open-iconic.styl" server="C:/wamp64/www/exflygo_com/" local="131784075600000000" remote="131784075600000000" Dst="2" />
<file name="open-iconic-bootstrap.css" server="ftp.myamyacf.com" local="131784090770060673" remote="131789898000000000" Dst="2" />
<file name="open-iconic-foundation.css" server="ftp.myamyacf.com" local="131784090770191037" remote="131789898000000000" Dst="2" />
<file name="open-iconic.css" server="ftp.myamyacf.com" local="131784090770135899" remote="131789898000000000" Dst="2" />
<file name="open-iconic.styl" server="ftp.myamyacf.com" local="131784075600000000" remote="131789898000000000" Dst="2" />
<file name="open-iconic.scss" server="ftp.myamyacf.com" local="131784075600000000" remote="131789898000000000" Dst="2" />
<file name="open-iconic.min.css" server="ftp.myamyacf.com" local="131784075600000000" remote="131789898000000000" Dst="2" />
<file name="open-iconic.less" server="ftp.myamyacf.com" local="131784075600000000" remote="131789898000000000" Dst="2" />
<file name="open-iconic-foundation.styl" server="ftp.myamyacf.com" local="131784075600000000" remote="131789898000000000" Dst="2" />
<file name="open-iconic-foundation.scss" server="ftp.myamyacf.com" local="131784075600000000" remote="131789898000000000" Dst="2" />
<file name="open-iconic-foundation.min.css" server="ftp.myamyacf.com" local="131784075600000000" remote="131789898000000000" Dst="2" />
<file name="open-iconic-foundation.less" server="ftp.myamyacf.com" local="131784075600000000" remote="131789898000000000" Dst="2" />
<file name="open-iconic-bootstrap.styl" server="ftp.myamyacf.com" local="131784075600000000" remote="131789898000000000" Dst="2" />
<file name="open-iconic-bootstrap.scss" server="ftp.myamyacf.com" local="131784075600000000" remote="131789898000000000" Dst="2" />
<file name="open-iconic-bootstrap.min.css" server="ftp.myamyacf.com" local="131784075600000000" remote="131789898000000000" Dst="2" />
<file name="open-iconic-bootstrap.less" server="ftp.myamyacf.com" local="131784075600000000" remote="131789898000000000" Dst="2" />
<file name="open-iconic-bootstrap.css" server="exfligo.myamyacf.com" local="131784090770060673" remote="131791842600000000" Dst="2" />
<file name="open-iconic-bootstrap.css" server="C:/wamp64/www/exfligo.com/" local="131784090770060673" remote="131784090770000000" Dst="2" />
<file name="open-iconic-bootstrap.less" server="C:/wamp64/www/exfligo.com/" local="131784075600000000" remote="131784075600000000" Dst="2" />
<file name="open-iconic-bootstrap.min.css" server="C:/wamp64/www/exfligo.com/" local="131784075600000000" remote="131784075600000000" Dst="2" />
<file name="open-iconic-bootstrap.scss" server="C:/wamp64/www/exfligo.com/" local="131784075600000000" remote="131784075600000000" Dst="2" />
<file name="open-iconic-bootstrap.styl" server="C:/wamp64/www/exfligo.com/" local="131784075600000000" remote="131784075600000000" Dst="2" />
<file name="open-iconic-foundation.css" server="C:/wamp64/www/exfligo.com/" local="131784090770191037" remote="131784090770000000" Dst="2" />
<file name="open-iconic-foundation.less" server="C:/wamp64/www/exfligo.com/" local="131784075600000000" remote="131784075600000000" Dst="2" />
<file name="open-iconic-foundation.min.css" server="C:/wamp64/www/exfligo.com/" local="131784075600000000" remote="131784075600000000" Dst="2" />
<file name="open-iconic-foundation.scss" server="C:/wamp64/www/exfligo.com/" local="131784075600000000" remote="131784075600000000" Dst="2" />
<file name="open-iconic-foundation.styl" server="C:/wamp64/www/exfligo.com/" local="131784075600000000" remote="131784075600000000" Dst="2" />
<file name="open-iconic.css" server="C:/wamp64/www/exfligo.com/" local="131784090770135899" remote="131784090770000000" Dst="2" />
<file name="open-iconic.less" server="C:/wamp64/www/exfligo.com/" local="131784075600000000" remote="131784075600000000" Dst="2" />
<file name="open-iconic.min.css" server="C:/wamp64/www/exfligo.com/" local="131784075600000000" remote="131784075600000000" Dst="2" />
<file name="open-iconic.scss" server="C:/wamp64/www/exfligo.com/" local="131784075600000000" remote="131784075600000000" Dst="2" />
<file name="open-iconic.styl" server="C:/wamp64/www/exfligo.com/" local="131784075600000000" remote="131784075600000000" Dst="2" />
<file name="open-iconic-bootstrap.css" server="C:/xampp/htdocs/exfligo.com/" local="131784126770000000" remote="131784126770000000" Dst="1" />
<file name="open-iconic-bootstrap.less" server="C:/xampp/htdocs/exfligo.com/" local="131784111600000000" remote="131784111600000000" Dst="1" />
<file name="open-iconic-bootstrap.min.css" server="C:/xampp/htdocs/exfligo.com/" local="131784111600000000" remote="131784111600000000" Dst="1" />
<file name="open-iconic-bootstrap.scss" server="C:/xampp/htdocs/exfligo.com/" local="131784111600000000" remote="131784111600000000" Dst="1" />
<file name="open-iconic-bootstrap.styl" server="C:/xampp/htdocs/exfligo.com/" local="131784111600000000" remote="131784111600000000" Dst="1" />
<file name="open-iconic-foundation.css" server="C:/xampp/htdocs/exfligo.com/" local="131784126770000000" remote="131784126770000000" Dst="1" />
<file name="open-iconic-foundation.less" server="C:/xampp/htdocs/exfligo.com/" local="131784111600000000" remote="131784111600000000" Dst="1" />
<file name="open-iconic-foundation.min.css" server="C:/xampp/htdocs/exfligo.com/" local="131784111600000000" remote="131784111600000000" Dst="1" />
<file name="open-iconic-foundation.scss" server="C:/xampp/htdocs/exfligo.com/" local="131784111600000000" remote="131784111600000000" Dst="1" />
<file name="open-iconic-foundation.styl" server="C:/xampp/htdocs/exfligo.com/" local="131784111600000000" remote="131784111600000000" Dst="1" />
<file name="open-iconic.css" server="C:/xampp/htdocs/exfligo.com/" local="131784126770000000" remote="131784126770000000" Dst="1" />
<file name="open-iconic.less" server="C:/xampp/htdocs/exfligo.com/" local="131784111600000000" remote="131784111600000000" Dst="1" />
<file name="open-iconic.min.css" server="C:/xampp/htdocs/exfligo.com/" local="131784111600000000" remote="131784111600000000" Dst="1" />
<file name="open-iconic.scss" server="C:/xampp/htdocs/exfligo.com/" local="131784111600000000" remote="131784111600000000" Dst="1" />
<file name="open-iconic.styl" server="C:/xampp/htdocs/exfligo.com/" local="131784111600000000" remote="131784111600000000" Dst="1" />
</dwsync>