<?xml version="1.0" encoding="utf-8" ?>
<dwsync>
<file name="fontawesome-webfont.eot" server="C:/wamp64/www/exflygo_com/" local="131784074400000000" remote="131784074400000000" Dst="2" />
<file name="fontawesome-webfont.svg" server="C:/wamp64/www/exflygo_com/" local="131784074400000000" remote="131784074400000000" Dst="2" />
<file name="fontawesome-webfont.ttf" server="C:/wamp64/www/exflygo_com/" local="131784074400000000" remote="131784074400000000" Dst="2" />
<file name="fontawesome-webfont.woff" server="C:/wamp64/www/exflygo_com/" local="131784074400000000" remote="131784074400000000" Dst="2" />
<file name="FontAwesome.otf" server="C:/wamp64/www/exflygo_com/" local="131784074400000000" remote="131784074400000000" Dst="2" />
<file name="fontawesome-webfont.eot" server="ftp.myamyacf.com" local="131784074400000000" remote="131789896200000000" Dst="2" />
<file name="fontawesome-webfont.svg" server="ftp.myamyacf.com" local="131784074400000000" remote="131789896200000000" Dst="2" />
<file name="fontawesome-webfont.ttf" server="ftp.myamyacf.com" local="131784074400000000" remote="131789896200000000" Dst="2" />
<file name="fontawesome-webfont.woff" server="ftp.myamyacf.com" local="131784074400000000" remote="131789896200000000" Dst="2" />
<file name="FontAwesome.otf" server="ftp.myamyacf.com" local="131784074400000000" remote="131789896200000000" Dst="2" />
<file name="fontawesome-webfont.eot" server="exfligo.myamyacf.com" local="131789896200000000" remote="131789896200000000" Dst="2" />
<file name="fontawesome-webfont.svg" server="exfligo.myamyacf.com" local="131789896200000000" remote="131789896200000000" Dst="2" />
<file name="fontawesome-webfont.ttf" server="exfligo.myamyacf.com" local="131789896200000000" remote="131789896200000000" Dst="2" />
<file name="fontawesome-webfont.woff" server="exfligo.myamyacf.com" local="131789896200000000" remote="131789896200000000" Dst="2" />
<file name="FontAwesome.otf" server="exfligo.myamyacf.com" local="131789896200000000" remote="131789896200000000" Dst="2" />
<file name="fontawesome-webfont.eot" server="C:/wamp64/www/exfligo.com/" local="131789896200000000" remote="131789896200000000" Dst="2" />
<file name="fontawesome-webfont.svg" server="C:/wamp64/www/exfligo.com/" local="131789896200000000" remote="131789896200000000" Dst="2" />
<file name="fontawesome-webfont.ttf" server="C:/wamp64/www/exfligo.com/" local="131789896200000000" remote="131789896200000000" Dst="2" />
<file name="fontawesome-webfont.woff" server="C:/wamp64/www/exfligo.com/" local="131789896200000000" remote="131789896200000000" Dst="2" />
<file name="FontAwesome.otf" server="C:/wamp64/www/exfligo.com/" local="131789896200000000" remote="131789896200000000" Dst="2" />
<file name="fontawesome-webfont.eot" server="C:/xampp/htdocs/exfligo.com/" local="131789932200000000" remote="131789932200000000" Dst="1" />
<file name="fontawesome-webfont.svg" server="C:/xampp/htdocs/exfligo.com/" local="131789932200000000" remote="131789932200000000" Dst="1" />
<file name="fontawesome-webfont.ttf" server="C:/xampp/htdocs/exfligo.com/" local="131789932200000000" remote="131789932200000000" Dst="1" />
<file name="fontawesome-webfont.woff" server="C:/xampp/htdocs/exfligo.com/" local="131789932200000000" remote="131789932200000000" Dst="1" />
<file name="FontAwesome.otf" server="C:/xampp/htdocs/exfligo.com/" local="131789932200000000" remote="131789932200000000" Dst="1" />
</dwsync>