<?xml version="1.0" encoding="utf-8" ?>
<dwsync>
<file name="jquery-3.2.1.min.js" server="C:/xampp/htdocs/Exflygo_com/" local="131711551880000000" remote="131711551880000000" Dst="2" />
<file name="popper.min.js" server="C:/xampp/htdocs/Exflygo_com/" local="131711551880000000" remote="131711551880000000" Dst="2" />
<file name="bootstrap-4.0.0.js" server="C:/xampp/htdocs/Exflygo_com/" local="131711551880000000" remote="131711551880000000" Dst="2" />
<file name="carousel.js" server="C:/xampp/htdocs/Exflygo_com/" local="131754815304039775" remote="131754815300000000" Dst="2" />
<file name="bootstrap-4.0.0.js" server="C:/wamp64/www/exflygo_com/" local="131784075600000000" remote="131784075600000000" Dst="2" />
<file name="carousel.js" server="C:/wamp64/www/exflygo_com/" local="131754815304039775" remote="131754815300000000" Dst="2" />
<file name="jquery-3.2.1.min.js" server="C:/wamp64/www/exflygo_com/" local="131784083430618485" remote="131784083430000000" Dst="2" />
<file name="popper.min.js" server="C:/wamp64/www/exflygo_com/" local="131711551880000000" remote="131711551880000000" Dst="2" />
<file name="jquery-3.2.1.min.js" server="ftp.myamyacf.com" local="131784083430618485" remote="131789898000000000" Dst="2" />
<file name="carousel.js" server="ftp.myamyacf.com" local="131754815304039775" remote="131789897400000000" Dst="2" />
<file name="popper.min.js" server="ftp.myamyacf.com" local="131711551880000000" remote="131789898000000000" Dst="2" />
<file name="bootstrap-4.0.0.js" server="ftp.myamyacf.com" local="131784075600000000" remote="131789897400000000" Dst="2" />
<file name="carousel.js" server="exfligo.myamyacf.com" local="131754815304039775" remote="131791842600000000" Dst="2" />
<file name="jquery-3.2.1.min.js" server="exfligo.myamyacf.com" local="131784083430618485" remote="131791842600000000" Dst="2" />
<file name="popper.min.js" server="exfligo.myamyacf.com" local="131711551880000000" remote="131791842600000000" Dst="2" />
<file name="carousel.js" server="C:/wamp64/www/exfligo.com/" local="131754815304039775" remote="131754815300000000" Dst="2" />
<file name="jquery-3.2.1.min.js" server="C:/wamp64/www/exfligo.com/" local="131784083430618485" remote="131784083430000000" Dst="2" />
<file name="popper.min.js" server="C:/wamp64/www/exfligo.com/" local="131711551880000000" remote="131711551880000000" Dst="2" />
<file name="bootstrap-4.0.0.js" server="C:/wamp64/www/exfligo.com/" local="131784075600000000" remote="131784075600000000" Dst="2" />
<file name="main.js" server="C:/wamp64/www/exfligo.com/" local="131796141612404879" remote="131796141610000000" Dst="2" />
<file name="bootstrap-4.0.0.js" server="C:/xampp/htdocs/exfligo.com/" local="131784111600000000" remote="131784111600000000" Dst="1" />
<file name="carousel.js" server="C:/xampp/htdocs/exfligo.com/" local="131754851300000000" remote="131754851300000000" Dst="1" />
<file name="jquery-3.2.1.min.js" server="C:/xampp/htdocs/exfligo.com/" local="131784119430000000" remote="131784119430000000" Dst="1" />
<file name="main.js" server="C:/xampp/htdocs/exfligo.com/" local="131796177610000000" remote="131796177610000000" Dst="1" />
<file name="popper.min.js" server="C:/xampp/htdocs/exfligo.com/" local="131711587880000000" remote="131711587880000000" Dst="1" />
</dwsync>