<?xml version="1.0" encoding="utf-8" ?>
<dwsync>
<file name="open-iconic.eot" server="C:/wamp64/www/exflygo_com/" local="131778727020000000" remote="131778727020000000" Dst="2" />
<file name="open-iconic.otf" server="C:/wamp64/www/exflygo_com/" local="131778727020000000" remote="131778727020000000" Dst="2" />
<file name="open-iconic.svg" server="C:/wamp64/www/exflygo_com/" local="131778727020000000" remote="131778727020000000" Dst="2" />
<file name="open-iconic.ttf" server="C:/wamp64/www/exflygo_com/" local="131778727020000000" remote="131778727020000000" Dst="2" />
<file name="open-iconic.woff" server="C:/wamp64/www/exflygo_com/" local="131778727020000000" remote="131778727020000000" Dst="2" />
<file name="open-iconic.eot" server="ftp.myamyacf.com" local="131778727020000000" remote="131789898000000000" Dst="2" />
<file name="open-iconic.otf" server="ftp.myamyacf.com" local="131778727020000000" remote="131789898000000000" Dst="2" />
<file name="open-iconic.svg" server="ftp.myamyacf.com" local="131778727020000000" remote="131789898000000000" Dst="2" />
<file name="open-iconic.ttf" server="ftp.myamyacf.com" local="131778727020000000" remote="131789898000000000" Dst="2" />
<file name="open-iconic.woff" server="ftp.myamyacf.com" local="131778727020000000" remote="131789898000000000" Dst="2" />
<file name="open-iconic.eot" server="exfligo.myamyacf.com" local="131778727020000000" remote="131791842600000000" Dst="2" />
<file name="open-iconic.woff" server="exfligo.myamyacf.com" local="131778727020000000" remote="131791842600000000" Dst="2" />
<file name="open-iconic.ttf" server="exfligo.myamyacf.com" local="131778727020000000" remote="131791842600000000" Dst="2" />
<file name="open-iconic.eot" server="C:/wamp64/www/exfligo.com/" local="131778727020000000" remote="131778727020000000" Dst="2" />
<file name="open-iconic.woff" server="C:/wamp64/www/exfligo.com/" local="131778727020000000" remote="131778727020000000" Dst="2" />
<file name="open-iconic.ttf" server="C:/wamp64/www/exfligo.com/" local="131778727020000000" remote="131778727020000000" Dst="2" />
<file name="open-iconic.otf" server="C:/wamp64/www/exfligo.com/" local="131778727020000000" remote="131778727020000000" Dst="2" />
<file name="open-iconic.svg" server="C:/wamp64/www/exfligo.com/" local="131778727020000000" remote="131778727020000000" Dst="2" />
<file name="open-iconic.eot" server="C:/xampp/htdocs/exfligo.com/" local="131778763020000000" remote="131778763020000000" Dst="1" />
<file name="open-iconic.otf" server="C:/xampp/htdocs/exfligo.com/" local="131778763020000000" remote="131778763020000000" Dst="1" />
<file name="open-iconic.svg" server="C:/xampp/htdocs/exfligo.com/" local="131778763020000000" remote="131778763020000000" Dst="1" />
<file name="open-iconic.ttf" server="C:/xampp/htdocs/exfligo.com/" local="131778763020000000" remote="131778763020000000" Dst="1" />
<file name="open-iconic.woff" server="C:/xampp/htdocs/exfligo.com/" local="131778763020000000" remote="131778763020000000" Dst="1" />
</dwsync>