<?xml version="1.0" encoding="utf-8" ?>
<dwsync>
<file name="usb-g-new1.gif" server="ftp.myamyacf.com" local="131702769000000000" remote="131702769000000000" Dst="2" />
<file name="tr.gif" server="ftp.myamyacf.com" local="131702769000000000" remote="131702769000000000" Dst="2" />
<file name="tl2.gif" server="ftp.myamyacf.com" local="131702769000000000" remote="131702769000000000" Dst="2" />
<file name="tcap.gif" server="ftp.myamyacf.com" local="131702769000000000" remote="131702769000000000" Dst="2" />
<file name="tcap-img-new.jpg" server="ftp.myamyacf.com" local="131702769000000000" remote="131702769000000000" Dst="2" />
<file name="t-back.gif" server="ftp.myamyacf.com" local="131702769000000000" remote="131702769000000000" Dst="2" />
<file name="space.gif" server="ftp.myamyacf.com" local="131702769000000000" remote="131702769000000000" Dst="2" />
<file name="sitestud.gif" server="ftp.myamyacf.com" local="131702769000000000" remote="131702769000000000" Dst="2" />
<file name="rr.gif" server="ftp.myamyacf.com" local="131702769000000000" remote="131702769000000000" Dst="2" />
<file name="rc.gif" server="ftp.myamyacf.com" local="131702769000000000" remote="131702769000000000" Dst="2" />
<file name="rasporka.gif" server="ftp.myamyacf.com" local="131702769000000000" remote="131702769000000000" Dst="2" />
<file name="psb-g-new.gif" server="ftp.myamyacf.com" local="131702769000000000" remote="131702769000000000" Dst="2" />
<file name="need.gif" server="ftp.myamyacf.com" local="131702769000000000" remote="131702769000000000" Dst="2" />
<file name="logo_ix.png" server="ftp.myamyacf.com" local="131702769000000000" remote="131702769000000000" Dst="2" />
<file name="ll.gif" server="ftp.myamyacf.com" local="131702769000000000" remote="131702769000000000" Dst="2" />
<file name="left_background.gif" server="ftp.myamyacf.com" local="131702769000000000" remote="131702769000000000" Dst="2" />
<file name="lcb-g-new.gif" server="ftp.myamyacf.com" local="131702769000000000" remote="131702769000000000" Dst="2" />
<file name="lc.gif" server="ftp.myamyacf.com" local="131702769000000000" remote="131702769000000000" Dst="2" />
<file name="ixcp.css" server="ftp.myamyacf.com" local="131702769000000000" remote="131702769000000000" Dst="2" />
<file name="img_btn_ipad.png" server="ftp.myamyacf.com" local="131702769000000000" remote="131702769000000000" Dst="2" />
<file name="icon_sidemenu.png" server="ftp.myamyacf.com" local="131702769000000000" remote="131702769000000000" Dst="2" />
<file name="icon_server.png" server="ftp.myamyacf.com" local="131702769000000000" remote="131702769000000000" Dst="2" />
<file name="icon_money.png" server="ftp.myamyacf.com" local="131702769000000000" remote="131702769000000000" Dst="2" />
<file name="hr.png" server="ftp.myamyacf.com" local="131702769000000000" remote="131702769000000000" Dst="2" />
<file name="hosted.jpg" server="ftp.myamyacf.com" local="131702769000000000" remote="131702769000000000" Dst="2" />
<file name="header_logo.gif" server="ftp.myamyacf.com" local="131702769000000000" remote="131702769000000000" Dst="2" />
<file name="header_bg.gif" server="ftp.myamyacf.com" local="131702769000000000" remote="131702769000000000" Dst="2" />
<file name="header_13.gif" server="ftp.myamyacf.com" local="131702769000000000" remote="131702769000000000" Dst="2" />
<file name="header_12.jpg" server="ftp.myamyacf.com" local="131702769000000000" remote="131702769000000000" Dst="2" />
<file name="header_05.png" server="ftp.myamyacf.com" local="131702769000000000" remote="131702769000000000" Dst="2" />
<file name="header_03.gif" server="ftp.myamyacf.com" local="131702769000000000" remote="131702769000000000" Dst="2" />
<file name="header_02.gif" server="ftp.myamyacf.com" local="131702769000000000" remote="131702769000000000" Dst="2" />
<file name="header_01.jpg" server="ftp.myamyacf.com" local="131702769000000000" remote="131702769000000000" Dst="2" />
<file name="hbix.gif" server="ftp.myamyacf.com" local="131702769000000000" remote="131702769000000000" Dst="2" />
<file name="hbix-img-new2.jpg" server="ftp.myamyacf.com" local="131702769000000000" remote="131702769000000000" Dst="2" />
<file name="hbix-img-new1.jpg" server="ftp.myamyacf.com" local="131702769000000000" remote="131702769000000000" Dst="2" />
<file name="grad-title.gif" server="ftp.myamyacf.com" local="131702769000000000" remote="131702769000000000" Dst="2" />
<file name="footer_copyright.jpg" server="ftp.myamyacf.com" local="131702769000000000" remote="131702769000000000" Dst="2" />
<file name="faq-g-new1.gif" server="ftp.myamyacf.com" local="131702769000000000" remote="131702769000000000" Dst="2" />
<file name="cplog.gif" server="ftp.myamyacf.com" local="131702769000000000" remote="131702769000000000" Dst="2" />
<file name="copybg3.png" server="ftp.myamyacf.com" local="131702769000000000" remote="131702769000000000" Dst="2" />
<file name="cc.gif" server="ftp.myamyacf.com" local="131702769000000000" remote="131702769000000000" Dst="2" />
<file name="c-2a.gif" server="ftp.myamyacf.com" local="131702769000000000" remote="131702769000000000" Dst="2" />
<file name="c-2-1-j.jpg" server="ftp.myamyacf.com" local="131702769000000000" remote="131702769000000000" Dst="2" />
<file name="c-1-j.jpg" server="ftp.myamyacf.com" local="131702769000000000" remote="131702769000000000" Dst="2" />
<file name="br2.gif" server="ftp.myamyacf.com" local="131702769000000000" remote="131702769000000000" Dst="2" />
<file name="bl2.gif" server="ftp.myamyacf.com" local="131702769000000000" remote="131702769000000000" Dst="2" />
<file name="bg_ipad.png" server="ftp.myamyacf.com" local="131702769000000000" remote="131702769000000000" Dst="2" />
<file name="bg_header.png" server="ftp.myamyacf.com" local="131702769000000000" remote="131702769000000000" Dst="2" />
<file name="bar.gif" server="ftp.myamyacf.com" local="131702769000000000" remote="131702769000000000" Dst="2" />
<file name="ball.gif" server="ftp.myamyacf.com" local="131702769000000000" remote="131702769000000000" Dst="2" />
<file name="b-back2.gif" server="ftp.myamyacf.com" local="131702769000000000" remote="131702769000000000" Dst="2" />
<file name="aff.jpg" server="ftp.myamyacf.com" local="131702769000000000" remote="131702769000000000" Dst="2" />
<file name="008bg.gif" server="ftp.myamyacf.com" local="131702769000000000" remote="131702769000000000" Dst="2" />
<file name="008.gif" server="ftp.myamyacf.com" local="131702769000000000" remote="131702769000000000" Dst="2" />
<file name="0.gif" server="ftp.myamyacf.com" local="131702769000000000" remote="131702769000000000" Dst="2" />
<file name="0.gif" server="C:/wamp64/www/exflygo_com/" local="131702769000000000" remote="131702769000000000" Dst="2" />
<file name="008.gif" server="C:/wamp64/www/exflygo_com/" local="131702769000000000" remote="131702769000000000" Dst="2" />
<file name="008bg.gif" server="C:/wamp64/www/exflygo_com/" local="131702769000000000" remote="131702769000000000" Dst="2" />
<file name="aff.jpg" server="C:/wamp64/www/exflygo_com/" local="131702769000000000" remote="131702769000000000" Dst="2" />
<file name="b-back2.gif" server="C:/wamp64/www/exflygo_com/" local="131702769000000000" remote="131702769000000000" Dst="2" />
<file name="ball.gif" server="C:/wamp64/www/exflygo_com/" local="131702769000000000" remote="131702769000000000" Dst="2" />
<file name="bar.gif" server="C:/wamp64/www/exflygo_com/" local="131702769000000000" remote="131702769000000000" Dst="2" />
<file name="bg_header.png" server="C:/wamp64/www/exflygo_com/" local="131702769000000000" remote="131702769000000000" Dst="2" />
<file name="bg_ipad.png" server="C:/wamp64/www/exflygo_com/" local="131702769000000000" remote="131702769000000000" Dst="2" />
<file name="bl2.gif" server="C:/wamp64/www/exflygo_com/" local="131702769000000000" remote="131702769000000000" Dst="2" />
<file name="br2.gif" server="C:/wamp64/www/exflygo_com/" local="131702769000000000" remote="131702769000000000" Dst="2" />
<file name="c-1-j.jpg" server="C:/wamp64/www/exflygo_com/" local="131702769000000000" remote="131702769000000000" Dst="2" />
<file name="c-2-1-j.jpg" server="C:/wamp64/www/exflygo_com/" local="131702769000000000" remote="131702769000000000" Dst="2" />
<file name="c-2a.gif" server="C:/wamp64/www/exflygo_com/" local="131702769000000000" remote="131702769000000000" Dst="2" />
<file name="cc.gif" server="C:/wamp64/www/exflygo_com/" local="131702769000000000" remote="131702769000000000" Dst="2" />
<file name="copybg3.png" server="C:/wamp64/www/exflygo_com/" local="131702769000000000" remote="131702769000000000" Dst="2" />
<file name="cplog.gif" server="C:/wamp64/www/exflygo_com/" local="131702769000000000" remote="131702769000000000" Dst="2" />
<file name="faq-g-new1.gif" server="C:/wamp64/www/exflygo_com/" local="131702769000000000" remote="131702769000000000" Dst="2" />
<file name="footer_copyright.jpg" server="C:/wamp64/www/exflygo_com/" local="131702769000000000" remote="131702769000000000" Dst="2" />
<file name="grad-title.gif" server="C:/wamp64/www/exflygo_com/" local="131702769000000000" remote="131702769000000000" Dst="2" />
<file name="hbix-img-new1.jpg" server="C:/wamp64/www/exflygo_com/" local="131702769000000000" remote="131702769000000000" Dst="2" />
<file name="hbix-img-new2.jpg" server="C:/wamp64/www/exflygo_com/" local="131702769000000000" remote="131702769000000000" Dst="2" />
<file name="hbix.gif" server="C:/wamp64/www/exflygo_com/" local="131702769000000000" remote="131702769000000000" Dst="2" />
<file name="header_01.jpg" server="C:/wamp64/www/exflygo_com/" local="131702769000000000" remote="131702769000000000" Dst="2" />
<file name="header_02.gif" server="C:/wamp64/www/exflygo_com/" local="131702769000000000" remote="131702769000000000" Dst="2" />
<file name="header_03.gif" server="C:/wamp64/www/exflygo_com/" local="131702769000000000" remote="131702769000000000" Dst="2" />
<file name="header_05.png" server="C:/wamp64/www/exflygo_com/" local="131702769000000000" remote="131702769000000000" Dst="2" />
<file name="header_12.jpg" server="C:/wamp64/www/exflygo_com/" local="131702769000000000" remote="131702769000000000" Dst="2" />
<file name="header_13.gif" server="C:/wamp64/www/exflygo_com/" local="131702769000000000" remote="131702769000000000" Dst="2" />
<file name="header_bg.gif" server="C:/wamp64/www/exflygo_com/" local="131702769000000000" remote="131702769000000000" Dst="2" />
<file name="header_logo.gif" server="C:/wamp64/www/exflygo_com/" local="131702769000000000" remote="131702769000000000" Dst="2" />
<file name="hosted.jpg" server="C:/wamp64/www/exflygo_com/" local="131702769000000000" remote="131702769000000000" Dst="2" />
<file name="hr.png" server="C:/wamp64/www/exflygo_com/" local="131702769000000000" remote="131702769000000000" Dst="2" />
<file name="icon_money.png" server="C:/wamp64/www/exflygo_com/" local="131702769000000000" remote="131702769000000000" Dst="2" />
<file name="icon_server.png" server="C:/wamp64/www/exflygo_com/" local="131702769000000000" remote="131702769000000000" Dst="2" />
<file name="icon_sidemenu.png" server="C:/wamp64/www/exflygo_com/" local="131702769000000000" remote="131702769000000000" Dst="2" />
<file name="img_btn_ipad.png" server="C:/wamp64/www/exflygo_com/" local="131702769000000000" remote="131702769000000000" Dst="2" />
<file name="ixcp.css" server="C:/wamp64/www/exflygo_com/" local="131702769000000000" remote="131702769000000000" Dst="2" />
<file name="lc.gif" server="C:/wamp64/www/exflygo_com/" local="131702769000000000" remote="131702769000000000" Dst="2" />
<file name="lcb-g-new.gif" server="C:/wamp64/www/exflygo_com/" local="131702769000000000" remote="131702769000000000" Dst="2" />
<file name="left_background.gif" server="C:/wamp64/www/exflygo_com/" local="131702769000000000" remote="131702769000000000" Dst="2" />
<file name="ll.gif" server="C:/wamp64/www/exflygo_com/" local="131702769000000000" remote="131702769000000000" Dst="2" />
<file name="logo_ix.png" server="C:/wamp64/www/exflygo_com/" local="131702769000000000" remote="131702769000000000" Dst="2" />
<file name="need.gif" server="C:/wamp64/www/exflygo_com/" local="131702769000000000" remote="131702769000000000" Dst="2" />
<file name="psb-g-new.gif" server="C:/wamp64/www/exflygo_com/" local="131702769000000000" remote="131702769000000000" Dst="2" />
<file name="rasporka.gif" server="C:/wamp64/www/exflygo_com/" local="131702769000000000" remote="131702769000000000" Dst="2" />
<file name="rc.gif" server="C:/wamp64/www/exflygo_com/" local="131702769000000000" remote="131702769000000000" Dst="2" />
<file name="rr.gif" server="C:/wamp64/www/exflygo_com/" local="131702769000000000" remote="131702769000000000" Dst="2" />
<file name="sitestud.gif" server="C:/wamp64/www/exflygo_com/" local="131702769000000000" remote="131702769000000000" Dst="2" />
<file name="space.gif" server="C:/wamp64/www/exflygo_com/" local="131702769000000000" remote="131702769000000000" Dst="2" />
<file name="t-back.gif" server="C:/wamp64/www/exflygo_com/" local="131702769000000000" remote="131702769000000000" Dst="2" />
<file name="tcap-img-new.jpg" server="C:/wamp64/www/exflygo_com/" local="131702769000000000" remote="131702769000000000" Dst="2" />
<file name="tcap.gif" server="C:/wamp64/www/exflygo_com/" local="131702769000000000" remote="131702769000000000" Dst="2" />
<file name="tl2.gif" server="C:/wamp64/www/exflygo_com/" local="131702769000000000" remote="131702769000000000" Dst="2" />
<file name="tr.gif" server="C:/wamp64/www/exflygo_com/" local="131702769000000000" remote="131702769000000000" Dst="2" />
<file name="usb-g-new1.gif" server="C:/wamp64/www/exflygo_com/" local="131702769000000000" remote="131702769000000000" Dst="2" />
<file name="usb-g-new1.gif" server="exfligo.myamyacf.com" local="131702769000000000" remote="131791715400000000" Dst="2" />
<file name="tr.gif" server="exfligo.myamyacf.com" local="131702769000000000" remote="131791715400000000" Dst="2" />
<file name="tl2.gif" server="exfligo.myamyacf.com" local="131702769000000000" remote="131791715400000000" Dst="2" />
<file name="tcap.gif" server="exfligo.myamyacf.com" local="131702769000000000" remote="131791715400000000" Dst="2" />
<file name="tcap-img-new.jpg" server="exfligo.myamyacf.com" local="131702769000000000" remote="131791715400000000" Dst="2" />
<file name="t-back.gif" server="exfligo.myamyacf.com" local="131702769000000000" remote="131791715400000000" Dst="2" />
<file name="space.gif" server="exfligo.myamyacf.com" local="131702769000000000" remote="131791715400000000" Dst="2" />
<file name="sitestud.gif" server="exfligo.myamyacf.com" local="131702769000000000" remote="131791715400000000" Dst="2" />
<file name="rr.gif" server="exfligo.myamyacf.com" local="131702769000000000" remote="131791715400000000" Dst="2" />
<file name="rc.gif" server="exfligo.myamyacf.com" local="131702769000000000" remote="131791715400000000" Dst="2" />
<file name="rasporka.gif" server="exfligo.myamyacf.com" local="131702769000000000" remote="131791715400000000" Dst="2" />
<file name="psb-g-new.gif" server="exfligo.myamyacf.com" local="131702769000000000" remote="131791715400000000" Dst="2" />
<file name="need.gif" server="exfligo.myamyacf.com" local="131702769000000000" remote="131791715400000000" Dst="2" />
<file name="logo_ix.png" server="exfligo.myamyacf.com" local="131702769000000000" remote="131791715400000000" Dst="2" />
<file name="ll.gif" server="exfligo.myamyacf.com" local="131702769000000000" remote="131791715400000000" Dst="2" />
<file name="left_background.gif" server="exfligo.myamyacf.com" local="131702769000000000" remote="131791715400000000" Dst="2" />
<file name="lcb-g-new.gif" server="exfligo.myamyacf.com" local="131702769000000000" remote="131791715400000000" Dst="2" />
<file name="lc.gif" server="exfligo.myamyacf.com" local="131702769000000000" remote="131791715400000000" Dst="2" />
<file name="ixcp.css" server="exfligo.myamyacf.com" local="131702769000000000" remote="131791715400000000" Dst="2" />
<file name="img_btn_ipad.png" server="exfligo.myamyacf.com" local="131702769000000000" remote="131791715400000000" Dst="2" />
<file name="icon_sidemenu.png" server="exfligo.myamyacf.com" local="131702769000000000" remote="131791715400000000" Dst="2" />
<file name="icon_server.png" server="exfligo.myamyacf.com" local="131702769000000000" remote="131791715400000000" Dst="2" />
<file name="icon_money.png" server="exfligo.myamyacf.com" local="131702769000000000" remote="131791715400000000" Dst="2" />
<file name="hr.png" server="exfligo.myamyacf.com" local="131702769000000000" remote="131791715400000000" Dst="2" />
<file name="hosted.jpg" server="exfligo.myamyacf.com" local="131702769000000000" remote="131791715400000000" Dst="2" />
<file name="header_logo.gif" server="exfligo.myamyacf.com" local="131702769000000000" remote="131791715400000000" Dst="2" />
<file name="header_bg.gif" server="exfligo.myamyacf.com" local="131702769000000000" remote="131791715400000000" Dst="2" />
<file name="header_13.gif" server="exfligo.myamyacf.com" local="131702769000000000" remote="131791715400000000" Dst="2" />
<file name="header_12.jpg" server="exfligo.myamyacf.com" local="131702769000000000" remote="131791715400000000" Dst="2" />
<file name="header_05.png" server="exfligo.myamyacf.com" local="131702769000000000" remote="131791715400000000" Dst="2" />
<file name="header_03.gif" server="exfligo.myamyacf.com" local="131702769000000000" remote="131791715400000000" Dst="2" />
<file name="header_02.gif" server="exfligo.myamyacf.com" local="131702769000000000" remote="131791715400000000" Dst="2" />
<file name="header_01.jpg" server="exfligo.myamyacf.com" local="131702769000000000" remote="131791715400000000" Dst="2" />
<file name="hbix.gif" server="exfligo.myamyacf.com" local="131702769000000000" remote="131791715400000000" Dst="2" />
<file name="hbix-img-new2.jpg" server="exfligo.myamyacf.com" local="131702769000000000" remote="131791715400000000" Dst="2" />
<file name="hbix-img-new1.jpg" server="exfligo.myamyacf.com" local="131702769000000000" remote="131791715400000000" Dst="2" />
<file name="grad-title.gif" server="exfligo.myamyacf.com" local="131702769000000000" remote="131791715400000000" Dst="2" />
<file name="footer_copyright.jpg" server="exfligo.myamyacf.com" local="131702769000000000" remote="131791715400000000" Dst="2" />
<file name="faq-g-new1.gif" server="exfligo.myamyacf.com" local="131702769000000000" remote="131791715400000000" Dst="2" />
<file name="cplog.gif" server="exfligo.myamyacf.com" local="131702769000000000" remote="131791715400000000" Dst="2" />
<file name="copybg3.png" server="exfligo.myamyacf.com" local="131702769000000000" remote="131791715400000000" Dst="2" />
<file name="cc.gif" server="exfligo.myamyacf.com" local="131702769000000000" remote="131791715400000000" Dst="2" />
<file name="c-2a.gif" server="exfligo.myamyacf.com" local="131702769000000000" remote="131791715400000000" Dst="2" />
<file name="c-2-1-j.jpg" server="exfligo.myamyacf.com" local="131702769000000000" remote="131791715400000000" Dst="2" />
<file name="c-1-j.jpg" server="exfligo.myamyacf.com" local="131702769000000000" remote="131791715400000000" Dst="2" />
<file name="br2.gif" server="exfligo.myamyacf.com" local="131702769000000000" remote="131791715400000000" Dst="2" />
<file name="bl2.gif" server="exfligo.myamyacf.com" local="131702769000000000" remote="131791715400000000" Dst="2" />
<file name="bg_ipad.png" server="exfligo.myamyacf.com" local="131702769000000000" remote="131791715400000000" Dst="2" />
<file name="bg_header.png" server="exfligo.myamyacf.com" local="131702769000000000" remote="131791715400000000" Dst="2" />
<file name="bar.gif" server="exfligo.myamyacf.com" local="131702769000000000" remote="131791715400000000" Dst="2" />
<file name="ball.gif" server="exfligo.myamyacf.com" local="131702769000000000" remote="131791715400000000" Dst="2" />
<file name="b-back2.gif" server="exfligo.myamyacf.com" local="131702769000000000" remote="131791715400000000" Dst="2" />
<file name="aff.jpg" server="exfligo.myamyacf.com" local="131702769000000000" remote="131791715400000000" Dst="2" />
<file name="008bg.gif" server="exfligo.myamyacf.com" local="131702769000000000" remote="131791715400000000" Dst="2" />
<file name="008.gif" server="exfligo.myamyacf.com" local="131702769000000000" remote="131791715400000000" Dst="2" />
<file name="0.gif" server="exfligo.myamyacf.com" local="131702769000000000" remote="131791715400000000" Dst="2" />
<file name="0.gif" server="C:/wamp64/www/exfligo.com/" local="131702769000000000" remote="131702769000000000" Dst="2" />
<file name="008.gif" server="C:/wamp64/www/exfligo.com/" local="131702769000000000" remote="131702769000000000" Dst="2" />
<file name="008bg.gif" server="C:/wamp64/www/exfligo.com/" local="131702769000000000" remote="131702769000000000" Dst="2" />
<file name="aff.jpg" server="C:/wamp64/www/exfligo.com/" local="131702769000000000" remote="131702769000000000" Dst="2" />
<file name="b-back2.gif" server="C:/wamp64/www/exfligo.com/" local="131702769000000000" remote="131702769000000000" Dst="2" />
<file name="ball.gif" server="C:/wamp64/www/exfligo.com/" local="131702769000000000" remote="131702769000000000" Dst="2" />
<file name="bar.gif" server="C:/wamp64/www/exfligo.com/" local="131702769000000000" remote="131702769000000000" Dst="2" />
<file name="bg_header.png" server="C:/wamp64/www/exfligo.com/" local="131702769000000000" remote="131702769000000000" Dst="2" />
<file name="bg_ipad.png" server="C:/wamp64/www/exfligo.com/" local="131702769000000000" remote="131702769000000000" Dst="2" />
<file name="bl2.gif" server="C:/wamp64/www/exfligo.com/" local="131702769000000000" remote="131702769000000000" Dst="2" />
<file name="br2.gif" server="C:/wamp64/www/exfligo.com/" local="131702769000000000" remote="131702769000000000" Dst="2" />
<file name="c-1-j.jpg" server="C:/wamp64/www/exfligo.com/" local="131702769000000000" remote="131702769000000000" Dst="2" />
<file name="c-2-1-j.jpg" server="C:/wamp64/www/exfligo.com/" local="131702769000000000" remote="131702769000000000" Dst="2" />
<file name="c-2a.gif" server="C:/wamp64/www/exfligo.com/" local="131702769000000000" remote="131702769000000000" Dst="2" />
<file name="cc.gif" server="C:/wamp64/www/exfligo.com/" local="131702769000000000" remote="131702769000000000" Dst="2" />
<file name="copybg3.png" server="C:/wamp64/www/exfligo.com/" local="131702769000000000" remote="131702769000000000" Dst="2" />
<file name="cplog.gif" server="C:/wamp64/www/exfligo.com/" local="131702769000000000" remote="131702769000000000" Dst="2" />
<file name="faq-g-new1.gif" server="C:/wamp64/www/exfligo.com/" local="131702769000000000" remote="131702769000000000" Dst="2" />
<file name="footer_copyright.jpg" server="C:/wamp64/www/exfligo.com/" local="131702769000000000" remote="131702769000000000" Dst="2" />
<file name="grad-title.gif" server="C:/wamp64/www/exfligo.com/" local="131702769000000000" remote="131702769000000000" Dst="2" />
<file name="hbix-img-new1.jpg" server="C:/wamp64/www/exfligo.com/" local="131702769000000000" remote="131702769000000000" Dst="2" />
<file name="hbix-img-new2.jpg" server="C:/wamp64/www/exfligo.com/" local="131702769000000000" remote="131702769000000000" Dst="2" />
<file name="hbix.gif" server="C:/wamp64/www/exfligo.com/" local="131702769000000000" remote="131702769000000000" Dst="2" />
<file name="header_01.jpg" server="C:/wamp64/www/exfligo.com/" local="131702769000000000" remote="131702769000000000" Dst="2" />
<file name="header_02.gif" server="C:/wamp64/www/exfligo.com/" local="131702769000000000" remote="131702769000000000" Dst="2" />
<file name="header_03.gif" server="C:/wamp64/www/exfligo.com/" local="131702769000000000" remote="131702769000000000" Dst="2" />
<file name="header_05.png" server="C:/wamp64/www/exfligo.com/" local="131702769000000000" remote="131702769000000000" Dst="2" />
<file name="header_12.jpg" server="C:/wamp64/www/exfligo.com/" local="131702769000000000" remote="131702769000000000" Dst="2" />
<file name="header_13.gif" server="C:/wamp64/www/exfligo.com/" local="131702769000000000" remote="131702769000000000" Dst="2" />
<file name="header_bg.gif" server="C:/wamp64/www/exfligo.com/" local="131702769000000000" remote="131702769000000000" Dst="2" />
<file name="header_logo.gif" server="C:/wamp64/www/exfligo.com/" local="131702769000000000" remote="131702769000000000" Dst="2" />
<file name="hosted.jpg" server="C:/wamp64/www/exfligo.com/" local="131702769000000000" remote="131702769000000000" Dst="2" />
<file name="hr.png" server="C:/wamp64/www/exfligo.com/" local="131702769000000000" remote="131702769000000000" Dst="2" />
<file name="icon_money.png" server="C:/wamp64/www/exfligo.com/" local="131702769000000000" remote="131702769000000000" Dst="2" />
<file name="icon_server.png" server="C:/wamp64/www/exfligo.com/" local="131702769000000000" remote="131702769000000000" Dst="2" />
<file name="icon_sidemenu.png" server="C:/wamp64/www/exfligo.com/" local="131702769000000000" remote="131702769000000000" Dst="2" />
<file name="img_btn_ipad.png" server="C:/wamp64/www/exfligo.com/" local="131702769000000000" remote="131702769000000000" Dst="2" />
<file name="ixcp.css" server="C:/wamp64/www/exfligo.com/" local="131702769000000000" remote="131702769000000000" Dst="2" />
<file name="lc.gif" server="C:/wamp64/www/exfligo.com/" local="131702769000000000" remote="131702769000000000" Dst="2" />
<file name="lcb-g-new.gif" server="C:/wamp64/www/exfligo.com/" local="131702769000000000" remote="131702769000000000" Dst="2" />
<file name="left_background.gif" server="C:/wamp64/www/exfligo.com/" local="131702769000000000" remote="131702769000000000" Dst="2" />
<file name="ll.gif" server="C:/wamp64/www/exfligo.com/" local="131702769000000000" remote="131702769000000000" Dst="2" />
<file name="logo_ix.png" server="C:/wamp64/www/exfligo.com/" local="131702769000000000" remote="131702769000000000" Dst="2" />
<file name="need.gif" server="C:/wamp64/www/exfligo.com/" local="131702769000000000" remote="131702769000000000" Dst="2" />
<file name="psb-g-new.gif" server="C:/wamp64/www/exfligo.com/" local="131702769000000000" remote="131702769000000000" Dst="2" />
<file name="rasporka.gif" server="C:/wamp64/www/exfligo.com/" local="131702769000000000" remote="131702769000000000" Dst="2" />
<file name="rc.gif" server="C:/wamp64/www/exfligo.com/" local="131702769000000000" remote="131702769000000000" Dst="2" />
<file name="rr.gif" server="C:/wamp64/www/exfligo.com/" local="131702769000000000" remote="131702769000000000" Dst="2" />
<file name="sitestud.gif" server="C:/wamp64/www/exfligo.com/" local="131702769000000000" remote="131702769000000000" Dst="2" />
<file name="space.gif" server="C:/wamp64/www/exfligo.com/" local="131702769000000000" remote="131702769000000000" Dst="2" />
<file name="t-back.gif" server="C:/wamp64/www/exfligo.com/" local="131702769000000000" remote="131702769000000000" Dst="2" />
<file name="tcap-img-new.jpg" server="C:/wamp64/www/exfligo.com/" local="131702769000000000" remote="131702769000000000" Dst="2" />
<file name="tcap.gif" server="C:/wamp64/www/exfligo.com/" local="131702769000000000" remote="131702769000000000" Dst="2" />
<file name="tl2.gif" server="C:/wamp64/www/exfligo.com/" local="131702769000000000" remote="131702769000000000" Dst="2" />
<file name="tr.gif" server="C:/wamp64/www/exfligo.com/" local="131702769000000000" remote="131702769000000000" Dst="2" />
<file name="usb-g-new1.gif" server="C:/wamp64/www/exfligo.com/" local="131702769000000000" remote="131702769000000000" Dst="2" />
<file name="0.gif" server="C:/xampp/htdocs/exfligo.com/" local="131702805000000000" remote="131702805000000000" Dst="1" />
<file name="008.gif" server="C:/xampp/htdocs/exfligo.com/" local="131702805000000000" remote="131702805000000000" Dst="1" />
<file name="008bg.gif" server="C:/xampp/htdocs/exfligo.com/" local="131702805000000000" remote="131702805000000000" Dst="1" />
<file name="aff.jpg" server="C:/xampp/htdocs/exfligo.com/" local="131702805000000000" remote="131702805000000000" Dst="1" />
<file name="b-back2.gif" server="C:/xampp/htdocs/exfligo.com/" local="131702805000000000" remote="131702805000000000" Dst="1" />
<file name="ball.gif" server="C:/xampp/htdocs/exfligo.com/" local="131702805000000000" remote="131702805000000000" Dst="1" />
<file name="bar.gif" server="C:/xampp/htdocs/exfligo.com/" local="131702805000000000" remote="131702805000000000" Dst="1" />
<file name="bg_header.png" server="C:/xampp/htdocs/exfligo.com/" local="131702805000000000" remote="131702805000000000" Dst="1" />
<file name="bg_ipad.png" server="C:/xampp/htdocs/exfligo.com/" local="131702805000000000" remote="131702805000000000" Dst="1" />
<file name="bl2.gif" server="C:/xampp/htdocs/exfligo.com/" local="131702805000000000" remote="131702805000000000" Dst="1" />
<file name="br2.gif" server="C:/xampp/htdocs/exfligo.com/" local="131702805000000000" remote="131702805000000000" Dst="1" />
<file name="c-1-j.jpg" server="C:/xampp/htdocs/exfligo.com/" local="131702805000000000" remote="131702805000000000" Dst="1" />
<file name="c-2-1-j.jpg" server="C:/xampp/htdocs/exfligo.com/" local="131702805000000000" remote="131702805000000000" Dst="1" />
<file name="c-2a.gif" server="C:/xampp/htdocs/exfligo.com/" local="131702805000000000" remote="131702805000000000" Dst="1" />
<file name="cc.gif" server="C:/xampp/htdocs/exfligo.com/" local="131702805000000000" remote="131702805000000000" Dst="1" />
<file name="copybg3.png" server="C:/xampp/htdocs/exfligo.com/" local="131702805000000000" remote="131702805000000000" Dst="1" />
<file name="cplog.gif" server="C:/xampp/htdocs/exfligo.com/" local="131702805000000000" remote="131702805000000000" Dst="1" />
<file name="faq-g-new1.gif" server="C:/xampp/htdocs/exfligo.com/" local="131702805000000000" remote="131702805000000000" Dst="1" />
<file name="footer_copyright.jpg" server="C:/xampp/htdocs/exfligo.com/" local="131702805000000000" remote="131702805000000000" Dst="1" />
<file name="grad-title.gif" server="C:/xampp/htdocs/exfligo.com/" local="131702805000000000" remote="131702805000000000" Dst="1" />
<file name="hbix-img-new1.jpg" server="C:/xampp/htdocs/exfligo.com/" local="131702805000000000" remote="131702805000000000" Dst="1" />
<file name="hbix-img-new2.jpg" server="C:/xampp/htdocs/exfligo.com/" local="131702805000000000" remote="131702805000000000" Dst="1" />
<file name="hbix.gif" server="C:/xampp/htdocs/exfligo.com/" local="131702805000000000" remote="131702805000000000" Dst="1" />
<file name="header_01.jpg" server="C:/xampp/htdocs/exfligo.com/" local="131702805000000000" remote="131702805000000000" Dst="1" />
<file name="header_02.gif" server="C:/xampp/htdocs/exfligo.com/" local="131702805000000000" remote="131702805000000000" Dst="1" />
<file name="header_03.gif" server="C:/xampp/htdocs/exfligo.com/" local="131702805000000000" remote="131702805000000000" Dst="1" />
<file name="header_05.png" server="C:/xampp/htdocs/exfligo.com/" local="131702805000000000" remote="131702805000000000" Dst="1" />
<file name="header_12.jpg" server="C:/xampp/htdocs/exfligo.com/" local="131702805000000000" remote="131702805000000000" Dst="1" />
<file name="header_13.gif" server="C:/xampp/htdocs/exfligo.com/" local="131702805000000000" remote="131702805000000000" Dst="1" />
<file name="header_bg.gif" server="C:/xampp/htdocs/exfligo.com/" local="131702805000000000" remote="131702805000000000" Dst="1" />
<file name="header_logo.gif" server="C:/xampp/htdocs/exfligo.com/" local="131702805000000000" remote="131702805000000000" Dst="1" />
<file name="hosted.jpg" server="C:/xampp/htdocs/exfligo.com/" local="131702805000000000" remote="131702805000000000" Dst="1" />
<file name="hr.png" server="C:/xampp/htdocs/exfligo.com/" local="131702805000000000" remote="131702805000000000" Dst="1" />
<file name="icon_money.png" server="C:/xampp/htdocs/exfligo.com/" local="131702805000000000" remote="131702805000000000" Dst="1" />
<file name="icon_server.png" server="C:/xampp/htdocs/exfligo.com/" local="131702805000000000" remote="131702805000000000" Dst="1" />
<file name="icon_sidemenu.png" server="C:/xampp/htdocs/exfligo.com/" local="131702805000000000" remote="131702805000000000" Dst="1" />
<file name="img_btn_ipad.png" server="C:/xampp/htdocs/exfligo.com/" local="131702805000000000" remote="131702805000000000" Dst="1" />
<file name="ixcp.css" server="C:/xampp/htdocs/exfligo.com/" local="131702805000000000" remote="131702805000000000" Dst="1" />
<file name="lc.gif" server="C:/xampp/htdocs/exfligo.com/" local="131702805000000000" remote="131702805000000000" Dst="1" />
<file name="lcb-g-new.gif" server="C:/xampp/htdocs/exfligo.com/" local="131702805000000000" remote="131702805000000000" Dst="1" />
<file name="left_background.gif" server="C:/xampp/htdocs/exfligo.com/" local="131702805000000000" remote="131702805000000000" Dst="1" />
<file name="ll.gif" server="C:/xampp/htdocs/exfligo.com/" local="131702805000000000" remote="131702805000000000" Dst="1" />
<file name="logo_ix.png" server="C:/xampp/htdocs/exfligo.com/" local="131702805000000000" remote="131702805000000000" Dst="1" />
<file name="need.gif" server="C:/xampp/htdocs/exfligo.com/" local="131702805000000000" remote="131702805000000000" Dst="1" />
<file name="psb-g-new.gif" server="C:/xampp/htdocs/exfligo.com/" local="131702805000000000" remote="131702805000000000" Dst="1" />
<file name="rasporka.gif" server="C:/xampp/htdocs/exfligo.com/" local="131702805000000000" remote="131702805000000000" Dst="1" />
<file name="rc.gif" server="C:/xampp/htdocs/exfligo.com/" local="131702805000000000" remote="131702805000000000" Dst="1" />
<file name="rr.gif" server="C:/xampp/htdocs/exfligo.com/" local="131702805000000000" remote="131702805000000000" Dst="1" />
<file name="sitestud.gif" server="C:/xampp/htdocs/exfligo.com/" local="131702805000000000" remote="131702805000000000" Dst="1" />
<file name="space.gif" server="C:/xampp/htdocs/exfligo.com/" local="131702805000000000" remote="131702805000000000" Dst="1" />
<file name="t-back.gif" server="C:/xampp/htdocs/exfligo.com/" local="131702805000000000" remote="131702805000000000" Dst="1" />
<file name="tcap-img-new.jpg" server="C:/xampp/htdocs/exfligo.com/" local="131702805000000000" remote="131702805000000000" Dst="1" />
<file name="tcap.gif" server="C:/xampp/htdocs/exfligo.com/" local="131702805000000000" remote="131702805000000000" Dst="1" />
<file name="tl2.gif" server="C:/xampp/htdocs/exfligo.com/" local="131702805000000000" remote="131702805000000000" Dst="1" />
<file name="tr.gif" server="C:/xampp/htdocs/exfligo.com/" local="131702805000000000" remote="131702805000000000" Dst="1" />
<file name="usb-g-new1.gif" server="C:/xampp/htdocs/exfligo.com/" local="131702805000000000" remote="131702805000000000" Dst="1" />
</dwsync>