<?xml version="1.0" encoding="utf-8" ?>
<dwsync>
<file name="logo_m_motesarrow_left.svg" server="C:/wamp64/www/exfligo.com/" local="131795249824717837" remote="131795249820000000" Dst="2" />
<file name="logo_m_motesarrow_right.svg" server="C:/wamp64/www/exfligo.com/" local="131795249823197308" remote="131795249820000000" Dst="2" />
<file name="logo_m_motesarrow_left.png" server="C:/xampp/htdocs/exfligo.com/" local="131795285770000000" remote="131795285770000000" Dst="1" />
<file name="logo_m_motesarrow_left.svg" server="C:/xampp/htdocs/exfligo.com/" local="131795285820000000" remote="131795285820000000" Dst="1" />
<file name="logo_m_motesarrow_left@2x.png" server="C:/xampp/htdocs/exfligo.com/" local="131795285770000000" remote="131795285770000000" Dst="1" />
<file name="logo_m_motesarrow_left@3x.png" server="C:/xampp/htdocs/exfligo.com/" local="131795285770000000" remote="131795285770000000" Dst="1" />
<file name="logo_m_motesarrow_right.png" server="C:/xampp/htdocs/exfligo.com/" local="131795285770000000" remote="131795285770000000" Dst="1" />
<file name="logo_m_motesarrow_right.svg" server="C:/xampp/htdocs/exfligo.com/" local="131795285820000000" remote="131795285820000000" Dst="1" />
<file name="logo_m_motesarrow_right@2x.png" server="C:/xampp/htdocs/exfligo.com/" local="131795285770000000" remote="131795285770000000" Dst="1" />
<file name="logo_m_motesarrow_right@3x.png" server="C:/xampp/htdocs/exfligo.com/" local="131795285770000000" remote="131795285770000000" Dst="1" />
<file name="logo_m_motesrating_star.png" server="C:/xampp/htdocs/exfligo.com/" local="131795286780000000" remote="131795286780000000" Dst="1" />
<file name="logo_m_motesrating_star.svg" server="C:/xampp/htdocs/exfligo.com/" local="131795286790000000" remote="131795286790000000" Dst="1" />
<file name="logo_m_motesrating_star@2x.png" server="C:/xampp/htdocs/exfligo.com/" local="131795286780000000" remote="131795286780000000" Dst="1" />
<file name="logo_m_motesrating_star@3x.png" server="C:/xampp/htdocs/exfligo.com/" local="131795286780000000" remote="131795286780000000" Dst="1" />
</dwsync>