<?xml version="1.0" encoding="utf-8" ?>
<dwsync>
<file name="apple-touch-icon-114-precomposed.png" server="C:/wamp64/www/exflygo_com/" local="131784073200000000" remote="131784073200000000" Dst="2" />
<file name="apple-touch-icon-144-precomposed.png" server="C:/wamp64/www/exflygo_com/" local="131784073200000000" remote="131784073200000000" Dst="2" />
<file name="apple-touch-icon-57-precomposed.png" server="C:/wamp64/www/exflygo_com/" local="131784073200000000" remote="131784073200000000" Dst="2" />
<file name="apple-touch-icon-72-precomposed.png" server="C:/wamp64/www/exflygo_com/" local="131784073200000000" remote="131784073200000000" Dst="2" />
<file name="favicon.png" server="C:/wamp64/www/exflygo_com/" local="131784073800000000" remote="131784073800000000" Dst="2" />
<file name="apple-touch-icon-114-precomposed.png" server="ftp.myamyacf.com" local="131784073200000000" remote="131789895600000000" Dst="2" />
<file name="apple-touch-icon-144-precomposed.png" server="ftp.myamyacf.com" local="131784073200000000" remote="131789895600000000" Dst="2" />
<file name="apple-touch-icon-57-precomposed.png" server="ftp.myamyacf.com" local="131784073200000000" remote="131789895600000000" Dst="2" />
<file name="apple-touch-icon-72-precomposed.png" server="ftp.myamyacf.com" local="131784073200000000" remote="131789895600000000" Dst="2" />
<file name="favicon.png" server="ftp.myamyacf.com" local="131784073800000000" remote="131789895600000000" Dst="2" />
<file name="apple-touch-icon-114-precomposed.png" server="exfligo.myamyacf.com" local="131789895600000000" remote="131789895600000000" Dst="2" />
<file name="apple-touch-icon-144-precomposed.png" server="exfligo.myamyacf.com" local="131789895600000000" remote="131789895600000000" Dst="2" />
<file name="apple-touch-icon-57-precomposed.png" server="exfligo.myamyacf.com" local="131789895600000000" remote="131789895600000000" Dst="2" />
<file name="apple-touch-icon-72-precomposed.png" server="exfligo.myamyacf.com" local="131789895600000000" remote="131789895600000000" Dst="2" />
<file name="favicon.png" server="exfligo.myamyacf.com" local="131789895600000000" remote="131789895600000000" Dst="2" />
<file name="apple-touch-icon-114-precomposed.png" server="C:/wamp64/www/exfligo.com/" local="131789895600000000" remote="131789895600000000" Dst="2" />
<file name="apple-touch-icon-144-precomposed.png" server="C:/wamp64/www/exfligo.com/" local="131789895600000000" remote="131789895600000000" Dst="2" />
<file name="apple-touch-icon-57-precomposed.png" server="C:/wamp64/www/exfligo.com/" local="131789895600000000" remote="131789895600000000" Dst="2" />
<file name="apple-touch-icon-72-precomposed.png" server="C:/wamp64/www/exfligo.com/" local="131789895600000000" remote="131789895600000000" Dst="2" />
<file name="favicon.png" server="C:/wamp64/www/exfligo.com/" local="131789895600000000" remote="131789895600000000" Dst="2" />
<file name="apple-touch-icon-114-precomposed.png" server="C:/xampp/htdocs/exfligo.com/" local="131789931600000000" remote="131789931600000000" Dst="1" />
<file name="apple-touch-icon-144-precomposed.png" server="C:/xampp/htdocs/exfligo.com/" local="131789931600000000" remote="131789931600000000" Dst="1" />
<file name="apple-touch-icon-57-precomposed.png" server="C:/xampp/htdocs/exfligo.com/" local="131789931600000000" remote="131789931600000000" Dst="1" />
<file name="apple-touch-icon-72-precomposed.png" server="C:/xampp/htdocs/exfligo.com/" local="131789931600000000" remote="131789931600000000" Dst="1" />
<file name="favicon.png" server="C:/xampp/htdocs/exfligo.com/" local="131789931600000000" remote="131789931600000000" Dst="1" />
</dwsync>