<?xml version="1.0" encoding="utf-8" ?>
<dwsync>
<file name="glyphicons-halflings-regular.woff2" server="ftp.myamyacf.com" local="131770090800000000" remote="131770090800000000" Dst="2" />
<file name="glyphicons-halflings-regular.woff" server="ftp.myamyacf.com" local="131770090800000000" remote="131770090800000000" Dst="2" />
<file name="glyphicons-halflings-regular.ttf" server="ftp.myamyacf.com" local="131770090800000000" remote="131770090800000000" Dst="2" />
<file name="glyphicons-halflings-regular.svg" server="ftp.myamyacf.com" local="131770090800000000" remote="131770090800000000" Dst="2" />
<file name="glyphicons-halflings-regular.eot" server="ftp.myamyacf.com" local="131770090800000000" remote="131770090800000000" Dst="2" />
<file name="glyphicons-halflings-regular.eot" server="C:/wamp64/www/exflygo_com/" local="131770090800000000" remote="131770090800000000" Dst="2" />
<file name="glyphicons-halflings-regular.svg" server="C:/wamp64/www/exflygo_com/" local="131770090800000000" remote="131770090800000000" Dst="2" />
<file name="glyphicons-halflings-regular.ttf" server="C:/wamp64/www/exflygo_com/" local="131770090800000000" remote="131770090800000000" Dst="2" />
<file name="glyphicons-halflings-regular.woff" server="C:/wamp64/www/exflygo_com/" local="131770090800000000" remote="131770090800000000" Dst="2" />
<file name="glyphicons-halflings-regular.woff2" server="C:/wamp64/www/exflygo_com/" local="131770090800000000" remote="131770090800000000" Dst="2" />
<file name="glyphicons-halflings-regular.woff2" server="exfligo.myamyacf.com" local="131770090800000000" remote="131791715400000000" Dst="2" />
<file name="glyphicons-halflings-regular.woff" server="exfligo.myamyacf.com" local="131770090800000000" remote="131791715400000000" Dst="2" />
<file name="glyphicons-halflings-regular.ttf" server="exfligo.myamyacf.com" local="131770090800000000" remote="131791715400000000" Dst="2" />
<file name="glyphicons-halflings-regular.svg" server="exfligo.myamyacf.com" local="131770090800000000" remote="131791715400000000" Dst="2" />
<file name="glyphicons-halflings-regular.eot" server="exfligo.myamyacf.com" local="131770090800000000" remote="131791715400000000" Dst="2" />
<file name="glyphicons-halflings-regular.eot" server="C:/wamp64/www/exfligo.com/" local="131770090800000000" remote="131770090800000000" Dst="2" />
<file name="glyphicons-halflings-regular.svg" server="C:/wamp64/www/exfligo.com/" local="131770090800000000" remote="131770090800000000" Dst="2" />
<file name="glyphicons-halflings-regular.ttf" server="C:/wamp64/www/exfligo.com/" local="131770090800000000" remote="131770090800000000" Dst="2" />
<file name="glyphicons-halflings-regular.woff" server="C:/wamp64/www/exfligo.com/" local="131770090800000000" remote="131770090800000000" Dst="2" />
<file name="glyphicons-halflings-regular.woff2" server="C:/wamp64/www/exfligo.com/" local="131770090800000000" remote="131770090800000000" Dst="2" />
<file name="glyphicons-halflings-regular.eot" server="C:/xampp/htdocs/exfligo.com/" local="131770126800000000" remote="131770126800000000" Dst="1" />
<file name="glyphicons-halflings-regular.svg" server="C:/xampp/htdocs/exfligo.com/" local="131770126800000000" remote="131770126800000000" Dst="1" />
<file name="glyphicons-halflings-regular.ttf" server="C:/xampp/htdocs/exfligo.com/" local="131770126800000000" remote="131770126800000000" Dst="1" />
<file name="glyphicons-halflings-regular.woff" server="C:/xampp/htdocs/exfligo.com/" local="131770126800000000" remote="131770126800000000" Dst="1" />
<file name="glyphicons-halflings-regular.woff2" server="C:/xampp/htdocs/exfligo.com/" local="131770126800000000" remote="131770126800000000" Dst="1" />
</dwsync>