<?xml version="1.0" encoding="utf-8" ?>
<dwsync>
<file name=".gitignore" server="C:/wamp64/www/exflygo_com/" local="131778727010000000" remote="131778727010000000" Dst="2" />
<file name="bower.json" server="C:/wamp64/www/exflygo_com/" local="131778727010000000" remote="131778727010000000" Dst="2" />
<file name="FONT-LICENSE" server="C:/wamp64/www/exflygo_com/" local="131778727010000000" remote="131778727010000000" Dst="2" />
<file name="ICON-LICENSE" server="C:/wamp64/www/exflygo_com/" local="131778727010000000" remote="131778727010000000" Dst="2" />
<file name="package.json" server="C:/wamp64/www/exflygo_com/" local="131778727010000000" remote="131778727010000000" Dst="2" />
<file name="README.md" server="C:/wamp64/www/exflygo_com/" local="131778727010000000" remote="131778727010000000" Dst="2" />
<file name=".gitignore" server="ftp.myamyacf.com" local="131778727010000000" remote="131784139200000000" Dst="2" />
<file name="bower.json" server="ftp.myamyacf.com" local="131778727010000000" remote="131784139200000000" Dst="2" />
<file name="FONT-LICENSE" server="ftp.myamyacf.com" local="131778727010000000" remote="131784139800000000" Dst="2" />
<file name="ICON-LICENSE" server="ftp.myamyacf.com" local="131778727010000000" remote="131784139800000000" Dst="2" />
<file name="package.json" server="ftp.myamyacf.com" local="131778727010000000" remote="131784139800000000" Dst="2" />
<file name="README.md" server="ftp.myamyacf.com" local="131778727010000000" remote="131784139800000000" Dst="2" />
<file name="README.md" server="exfligo.myamyacf.com" local="131778727010000000" remote="131791720800000000" Dst="2" />
<file name="package.json" server="exfligo.myamyacf.com" local="131778727010000000" remote="131791720800000000" Dst="2" />
<file name="ICON-LICENSE" server="exfligo.myamyacf.com" local="131778727010000000" remote="131791720800000000" Dst="2" />
<file name="FONT-LICENSE" server="exfligo.myamyacf.com" local="131778727010000000" remote="131791720800000000" Dst="2" />
<file name="bower.json" server="exfligo.myamyacf.com" local="131778727010000000" remote="131791720800000000" Dst="2" />
<file name=".gitignore" server="exfligo.myamyacf.com" local="131778727010000000" remote="131791720800000000" Dst="2" />
<file name=".gitignore" server="C:/wamp64/www/exfligo.com/" local="131778727010000000" remote="131778727010000000" Dst="2" />
<file name="bower.json" server="C:/wamp64/www/exfligo.com/" local="131778727010000000" remote="131778727010000000" Dst="2" />
<file name="FONT-LICENSE" server="C:/wamp64/www/exfligo.com/" local="131778727010000000" remote="131778727010000000" Dst="2" />
<file name="ICON-LICENSE" server="C:/wamp64/www/exfligo.com/" local="131778727010000000" remote="131778727010000000" Dst="2" />
<file name="package.json" server="C:/wamp64/www/exfligo.com/" local="131778727010000000" remote="131778727010000000" Dst="2" />
<file name="README.md" server="C:/wamp64/www/exfligo.com/" local="131778727010000000" remote="131778727010000000" Dst="2" />
<file name=".gitignore" server="C:/xampp/htdocs/exfligo.com/" local="131778763010000000" remote="131778763010000000" Dst="1" />
<file name="bower.json" server="C:/xampp/htdocs/exfligo.com/" local="131778763010000000" remote="131778763010000000" Dst="1" />
<file name="FONT-LICENSE" server="C:/xampp/htdocs/exfligo.com/" local="131778763010000000" remote="131778763010000000" Dst="1" />
<file name="ICON-LICENSE" server="C:/xampp/htdocs/exfligo.com/" local="131778763010000000" remote="131778763010000000" Dst="1" />
<file name="package.json" server="C:/xampp/htdocs/exfligo.com/" local="131778763010000000" remote="131778763010000000" Dst="1" />
<file name="README.md" server="C:/xampp/htdocs/exfligo.com/" local="131778763010000000" remote="131778763010000000" Dst="1" />
</dwsync>