<?xml version="1.0" encoding="utf-8" ?>
<dwsync>
<file name="bootstrap-grid.css" server="C:/wamp64/www/exflygo_com/" local="131790302888413404" remote="131790302880000000" Dst="2" />
<file name="bootstrap-grid.css.map" server="C:/wamp64/www/exflygo_com/" local="131784073800000000" remote="131784073800000000" Dst="2" />
<file name="bootstrap-grid.min.css" server="C:/wamp64/www/exflygo_com/" local="131784073800000000" remote="131784073800000000" Dst="2" />
<file name="bootstrap-grid.min.css.map" server="C:/wamp64/www/exflygo_com/" local="131784073800000000" remote="131784073800000000" Dst="2" />
<file name="bootstrap-reboot.css" server="C:/wamp64/www/exflygo_com/" local="131790302894379485" remote="131790302890000000" Dst="2" />
<file name="bootstrap-reboot.css.map" server="C:/wamp64/www/exflygo_com/" local="131784073800000000" remote="131784073800000000" Dst="2" />
<file name="bootstrap-reboot.min.css" server="C:/wamp64/www/exflygo_com/" local="131790302896651342" remote="131790302890000000" Dst="2" />
<file name="bootstrap-reboot.min.css.map" server="C:/wamp64/www/exflygo_com/" local="131784073800000000" remote="131784073800000000" Dst="2" />
<file name="bootstrap.css" server="C:/wamp64/www/exflygo_com/" local="131790302921289481" remote="131790302920000000" Dst="2" />
<file name="bootstrap.css.map" server="C:/wamp64/www/exflygo_com/" local="131784073800000000" remote="131784073800000000" Dst="2" />
<file name="bootstrap.min.css" server="C:/wamp64/www/exflygo_com/" local="131790304165721118" remote="131790304160000000" Dst="2" />
<file name="bootstrap.min.css.map" server="C:/wamp64/www/exflygo_com/" local="131784073800000000" remote="131784073800000000" Dst="2" />
<file name="bootstrap-grid.css" server="ftp.myamyacf.com" local="131784073800000000" remote="131789896200000000" Dst="2" />
<file name="bootstrap-grid.css.map" server="ftp.myamyacf.com" local="131784073800000000" remote="131789896200000000" Dst="2" />
<file name="bootstrap-grid.min.css" server="ftp.myamyacf.com" local="131784073800000000" remote="131789896200000000" Dst="2" />
<file name="bootstrap-grid.min.css.map" server="ftp.myamyacf.com" local="131784073800000000" remote="131789896200000000" Dst="2" />
<file name="bootstrap-reboot.css" server="ftp.myamyacf.com" local="131784073800000000" remote="131789896200000000" Dst="2" />
<file name="bootstrap-reboot.css.map" server="ftp.myamyacf.com" local="131784073800000000" remote="131789896200000000" Dst="2" />
<file name="bootstrap-reboot.min.css" server="ftp.myamyacf.com" local="131784073800000000" remote="131789896200000000" Dst="2" />
<file name="bootstrap-reboot.min.css.map" server="ftp.myamyacf.com" local="131784073800000000" remote="131789896200000000" Dst="2" />
<file name="bootstrap.css" server="ftp.myamyacf.com" local="131784073800000000" remote="131789896200000000" Dst="2" />
<file name="bootstrap.css.map" server="ftp.myamyacf.com" local="131784073800000000" remote="131789896200000000" Dst="2" />
<file name="bootstrap.min.css" server="ftp.myamyacf.com" local="131784073800000000" remote="131789896200000000" Dst="2" />
<file name="bootstrap.min.css.map" server="ftp.myamyacf.com" local="131784073800000000" remote="131789896200000000" Dst="2" />
<file name="bootstrap.min.css" server="exfligo.myamyacf.com" local="131790304165721118" remote="131791842600000000" Dst="2" />
<file name="bootstrap-grid.css" server="exfligo.myamyacf.com" local="131790975000000000" remote="131790975000000000" Dst="2" />
<file name="bootstrap-grid.css.map" server="exfligo.myamyacf.com" local="131789896200000000" remote="131789896200000000" Dst="2" />
<file name="bootstrap-grid.min.css" server="exfligo.myamyacf.com" local="131789896200000000" remote="131789896200000000" Dst="2" />
<file name="bootstrap-grid.min.css.map" server="exfligo.myamyacf.com" local="131789896200000000" remote="131789896200000000" Dst="2" />
<file name="bootstrap-reboot.css" server="exfligo.myamyacf.com" local="131790975000000000" remote="131790975000000000" Dst="2" />
<file name="bootstrap-reboot.css.map" server="exfligo.myamyacf.com" local="131789896200000000" remote="131789896200000000" Dst="2" />
<file name="bootstrap-reboot.min.css" server="exfligo.myamyacf.com" local="131790975000000000" remote="131790975000000000" Dst="2" />
<file name="bootstrap-reboot.min.css.map" server="exfligo.myamyacf.com" local="131789896200000000" remote="131789896200000000" Dst="2" />
<file name="bootstrap.css" server="exfligo.myamyacf.com" local="131790975000000000" remote="131790975000000000" Dst="2" />
<file name="bootstrap.css.map" server="exfligo.myamyacf.com" local="131789896200000000" remote="131789896200000000" Dst="2" />
<file name="bootstrap.min.css.map" server="exfligo.myamyacf.com" local="131789896200000000" remote="131789896200000000" Dst="2" />
<file name="bootstrap.min.css" server="C:/wamp64/www/exfligo.com/" local="131790304165721118" remote="131790304160000000" Dst="2" />
<file name="bootstrap-grid.css" server="C:/wamp64/www/exfligo.com/" local="131790975000000000" remote="131790975000000000" Dst="2" />
<file name="bootstrap-grid.css.map" server="C:/wamp64/www/exfligo.com/" local="131789896200000000" remote="131789896200000000" Dst="2" />
<file name="bootstrap-grid.min.css" server="C:/wamp64/www/exfligo.com/" local="131789896200000000" remote="131789896200000000" Dst="2" />
<file name="bootstrap-grid.min.css.map" server="C:/wamp64/www/exfligo.com/" local="131789896200000000" remote="131789896200000000" Dst="2" />
<file name="bootstrap-reboot.css" server="C:/wamp64/www/exfligo.com/" local="131790975000000000" remote="131790975000000000" Dst="2" />
<file name="bootstrap-reboot.css.map" server="C:/wamp64/www/exfligo.com/" local="131789896200000000" remote="131789896200000000" Dst="2" />
<file name="bootstrap-reboot.min.css" server="C:/wamp64/www/exfligo.com/" local="131790975000000000" remote="131790975000000000" Dst="2" />
<file name="bootstrap-reboot.min.css.map" server="C:/wamp64/www/exfligo.com/" local="131789896200000000" remote="131789896200000000" Dst="2" />
<file name="bootstrap.css" server="C:/wamp64/www/exfligo.com/" local="131790975000000000" remote="131790975000000000" Dst="2" />
<file name="bootstrap.css.map" server="C:/wamp64/www/exfligo.com/" local="131789896200000000" remote="131789896200000000" Dst="2" />
<file name="bootstrap.min.css.map" server="C:/wamp64/www/exfligo.com/" local="131789896200000000" remote="131789896200000000" Dst="2" />
<file name="bootstrap-grid.css" server="C:/xampp/htdocs/exfligo.com/" local="131791011000000000" remote="131791011000000000" Dst="1" />
<file name="bootstrap-grid.css.map" server="C:/xampp/htdocs/exfligo.com/" local="131789932200000000" remote="131789932200000000" Dst="1" />
<file name="bootstrap-grid.min.css" server="C:/xampp/htdocs/exfligo.com/" local="131789932200000000" remote="131789932200000000" Dst="1" />
<file name="bootstrap-grid.min.css.map" server="C:/xampp/htdocs/exfligo.com/" local="131789932200000000" remote="131789932200000000" Dst="1" />
<file name="bootstrap-reboot.css" server="C:/xampp/htdocs/exfligo.com/" local="131791011000000000" remote="131791011000000000" Dst="1" />
<file name="bootstrap-reboot.css.map" server="C:/xampp/htdocs/exfligo.com/" local="131789932200000000" remote="131789932200000000" Dst="1" />
<file name="bootstrap-reboot.min.css" server="C:/xampp/htdocs/exfligo.com/" local="131791011000000000" remote="131791011000000000" Dst="1" />
<file name="bootstrap-reboot.min.css.map" server="C:/xampp/htdocs/exfligo.com/" local="131789932200000000" remote="131789932200000000" Dst="1" />
<file name="bootstrap.css" server="C:/xampp/htdocs/exfligo.com/" local="131791011000000000" remote="131791011000000000" Dst="1" />
<file name="bootstrap.css.map" server="C:/xampp/htdocs/exfligo.com/" local="131789932200000000" remote="131789932200000000" Dst="1" />
<file name="bootstrap.min.css" server="C:/xampp/htdocs/exfligo.com/" local="131790340160000000" remote="131790340160000000" Dst="1" />
<file name="bootstrap.min.css.map" server="C:/xampp/htdocs/exfligo.com/" local="131789932200000000" remote="131789932200000000" Dst="1" />
</dwsync>