<?xml version="1.0" encoding="utf-8" ?>
<dwsync>
<file name="variables.less" server="ftp.myamyacf.com" local="131770090800000000" remote="131770090800000000" Dst="2" />
<file name="stacked.less" server="ftp.myamyacf.com" local="131770090800000000" remote="131770090800000000" Dst="2" />
<file name="spinning.less" server="ftp.myamyacf.com" local="131770090800000000" remote="131770090800000000" Dst="2" />
<file name="rotated-flipped.less" server="ftp.myamyacf.com" local="131770090800000000" remote="131770090800000000" Dst="2" />
<file name="path.less" server="ftp.myamyacf.com" local="131770090800000000" remote="131770090800000000" Dst="2" />
<file name="mixins.less" server="ftp.myamyacf.com" local="131770090800000000" remote="131770090800000000" Dst="2" />
<file name="list.less" server="ftp.myamyacf.com" local="131770090800000000" remote="131770090800000000" Dst="2" />
<file name="larger.less" server="ftp.myamyacf.com" local="131770090800000000" remote="131770090800000000" Dst="2" />
<file name="icons.less" server="ftp.myamyacf.com" local="131770090800000000" remote="131770090800000000" Dst="2" />
<file name="font-awesome.less" server="ftp.myamyacf.com" local="131770090800000000" remote="131770090800000000" Dst="2" />
<file name="fixed-width.less" server="ftp.myamyacf.com" local="131770090800000000" remote="131770090800000000" Dst="2" />
<file name="core.less" server="ftp.myamyacf.com" local="131770090800000000" remote="131770090800000000" Dst="2" />
<file name="bordered-pulled.less" server="ftp.myamyacf.com" local="131770090800000000" remote="131770090800000000" Dst="2" />
<file name="bordered-pulled.less" server="C:/wamp64/www/exflygo_com/" local="131770090800000000" remote="131770090800000000" Dst="2" />
<file name="core.less" server="C:/wamp64/www/exflygo_com/" local="131770090800000000" remote="131770090800000000" Dst="2" />
<file name="fixed-width.less" server="C:/wamp64/www/exflygo_com/" local="131770090800000000" remote="131770090800000000" Dst="2" />
<file name="font-awesome.less" server="C:/wamp64/www/exflygo_com/" local="131770090800000000" remote="131770090800000000" Dst="2" />
<file name="icons.less" server="C:/wamp64/www/exflygo_com/" local="131770090800000000" remote="131770090800000000" Dst="2" />
<file name="larger.less" server="C:/wamp64/www/exflygo_com/" local="131770090800000000" remote="131770090800000000" Dst="2" />
<file name="list.less" server="C:/wamp64/www/exflygo_com/" local="131770090800000000" remote="131770090800000000" Dst="2" />
<file name="mixins.less" server="C:/wamp64/www/exflygo_com/" local="131770090800000000" remote="131770090800000000" Dst="2" />
<file name="path.less" server="C:/wamp64/www/exflygo_com/" local="131770090800000000" remote="131770090800000000" Dst="2" />
<file name="rotated-flipped.less" server="C:/wamp64/www/exflygo_com/" local="131770090800000000" remote="131770090800000000" Dst="2" />
<file name="spinning.less" server="C:/wamp64/www/exflygo_com/" local="131770090800000000" remote="131770090800000000" Dst="2" />
<file name="stacked.less" server="C:/wamp64/www/exflygo_com/" local="131770090800000000" remote="131770090800000000" Dst="2" />
<file name="variables.less" server="C:/wamp64/www/exflygo_com/" local="131770090800000000" remote="131770090800000000" Dst="2" />
<file name="variables.less" server="exfligo.myamyacf.com" local="131770090800000000" remote="131791716000000000" Dst="2" />
<file name="stacked.less" server="exfligo.myamyacf.com" local="131770090800000000" remote="131791716000000000" Dst="2" />
<file name="spinning.less" server="exfligo.myamyacf.com" local="131770090800000000" remote="131791716000000000" Dst="2" />
<file name="rotated-flipped.less" server="exfligo.myamyacf.com" local="131770090800000000" remote="131791716000000000" Dst="2" />
<file name="path.less" server="exfligo.myamyacf.com" local="131770090800000000" remote="131791716000000000" Dst="2" />
<file name="mixins.less" server="exfligo.myamyacf.com" local="131770090800000000" remote="131791716000000000" Dst="2" />
<file name="list.less" server="exfligo.myamyacf.com" local="131770090800000000" remote="131791716000000000" Dst="2" />
<file name="larger.less" server="exfligo.myamyacf.com" local="131770090800000000" remote="131791716000000000" Dst="2" />
<file name="icons.less" server="exfligo.myamyacf.com" local="131770090800000000" remote="131791716000000000" Dst="2" />
<file name="font-awesome.less" server="exfligo.myamyacf.com" local="131770090800000000" remote="131791716000000000" Dst="2" />
<file name="fixed-width.less" server="exfligo.myamyacf.com" local="131770090800000000" remote="131791716000000000" Dst="2" />
<file name="core.less" server="exfligo.myamyacf.com" local="131770090800000000" remote="131791716000000000" Dst="2" />
<file name="bordered-pulled.less" server="exfligo.myamyacf.com" local="131770090800000000" remote="131791716000000000" Dst="2" />
<file name="bordered-pulled.less" server="C:/wamp64/www/exfligo.com/" local="131770090800000000" remote="131770090800000000" Dst="2" />
<file name="core.less" server="C:/wamp64/www/exfligo.com/" local="131770090800000000" remote="131770090800000000" Dst="2" />
<file name="fixed-width.less" server="C:/wamp64/www/exfligo.com/" local="131770090800000000" remote="131770090800000000" Dst="2" />
<file name="font-awesome.less" server="C:/wamp64/www/exfligo.com/" local="131770090800000000" remote="131770090800000000" Dst="2" />
<file name="icons.less" server="C:/wamp64/www/exfligo.com/" local="131770090800000000" remote="131770090800000000" Dst="2" />
<file name="larger.less" server="C:/wamp64/www/exfligo.com/" local="131770090800000000" remote="131770090800000000" Dst="2" />
<file name="list.less" server="C:/wamp64/www/exfligo.com/" local="131770090800000000" remote="131770090800000000" Dst="2" />
<file name="mixins.less" server="C:/wamp64/www/exfligo.com/" local="131770090800000000" remote="131770090800000000" Dst="2" />
<file name="path.less" server="C:/wamp64/www/exfligo.com/" local="131770090800000000" remote="131770090800000000" Dst="2" />
<file name="rotated-flipped.less" server="C:/wamp64/www/exfligo.com/" local="131770090800000000" remote="131770090800000000" Dst="2" />
<file name="spinning.less" server="C:/wamp64/www/exfligo.com/" local="131770090800000000" remote="131770090800000000" Dst="2" />
<file name="stacked.less" server="C:/wamp64/www/exfligo.com/" local="131770090800000000" remote="131770090800000000" Dst="2" />
<file name="variables.less" server="C:/wamp64/www/exfligo.com/" local="131770090800000000" remote="131770090800000000" Dst="2" />
<file name="bordered-pulled.less" server="C:/xampp/htdocs/exfligo.com/" local="131770126800000000" remote="131770126800000000" Dst="1" />
<file name="core.less" server="C:/xampp/htdocs/exfligo.com/" local="131770126800000000" remote="131770126800000000" Dst="1" />
<file name="fixed-width.less" server="C:/xampp/htdocs/exfligo.com/" local="131770126800000000" remote="131770126800000000" Dst="1" />
<file name="font-awesome.less" server="C:/xampp/htdocs/exfligo.com/" local="131770126800000000" remote="131770126800000000" Dst="1" />
<file name="icons.less" server="C:/xampp/htdocs/exfligo.com/" local="131770126800000000" remote="131770126800000000" Dst="1" />
<file name="larger.less" server="C:/xampp/htdocs/exfligo.com/" local="131770126800000000" remote="131770126800000000" Dst="1" />
<file name="list.less" server="C:/xampp/htdocs/exfligo.com/" local="131770126800000000" remote="131770126800000000" Dst="1" />
<file name="mixins.less" server="C:/xampp/htdocs/exfligo.com/" local="131770126800000000" remote="131770126800000000" Dst="1" />
<file name="path.less" server="C:/xampp/htdocs/exfligo.com/" local="131770126800000000" remote="131770126800000000" Dst="1" />
<file name="rotated-flipped.less" server="C:/xampp/htdocs/exfligo.com/" local="131770126800000000" remote="131770126800000000" Dst="1" />
<file name="spinning.less" server="C:/xampp/htdocs/exfligo.com/" local="131770126800000000" remote="131770126800000000" Dst="1" />
<file name="stacked.less" server="C:/xampp/htdocs/exfligo.com/" local="131770126800000000" remote="131770126800000000" Dst="1" />
<file name="variables.less" server="C:/xampp/htdocs/exfligo.com/" local="131770126800000000" remote="131770126800000000" Dst="1" />
</dwsync>