<?xml version="1.0" encoding="utf-8" ?>
<dwsync>
<file name="bordered-pulled.less" server="C:/wamp64/www/exflygo_com/" local="131784074400000000" remote="131784074400000000" Dst="2" />
<file name="core.less" server="C:/wamp64/www/exflygo_com/" local="131784074400000000" remote="131784074400000000" Dst="2" />
<file name="fixed-width.less" server="C:/wamp64/www/exflygo_com/" local="131784074400000000" remote="131784074400000000" Dst="2" />
<file name="font-awesome.less" server="C:/wamp64/www/exflygo_com/" local="131784074400000000" remote="131784074400000000" Dst="2" />
<file name="icons.less" server="C:/wamp64/www/exflygo_com/" local="131784074400000000" remote="131784074400000000" Dst="2" />
<file name="larger.less" server="C:/wamp64/www/exflygo_com/" local="131784074400000000" remote="131784074400000000" Dst="2" />
<file name="list.less" server="C:/wamp64/www/exflygo_com/" local="131784074400000000" remote="131784074400000000" Dst="2" />
<file name="mixins.less" server="C:/wamp64/www/exflygo_com/" local="131784074400000000" remote="131784074400000000" Dst="2" />
<file name="path.less" server="C:/wamp64/www/exflygo_com/" local="131784074400000000" remote="131784074400000000" Dst="2" />
<file name="rotated-flipped.less" server="C:/wamp64/www/exflygo_com/" local="131784074400000000" remote="131784074400000000" Dst="2" />
<file name="spinning.less" server="C:/wamp64/www/exflygo_com/" local="131784074400000000" remote="131784074400000000" Dst="2" />
<file name="stacked.less" server="C:/wamp64/www/exflygo_com/" local="131784074400000000" remote="131784074400000000" Dst="2" />
<file name="variables.less" server="C:/wamp64/www/exflygo_com/" local="131784074400000000" remote="131784074400000000" Dst="2" />
<file name="font-awesome.css" server="C:/wamp64/www/exflygo_com/" local="131791992048933371" remote="131791992040000000" Dst="2" />
<file name="font-awesome.css" server="ftp.myamyacf.com" local="131789446155270498" remote="131789896800000000" Dst="2" />
<file name="bordered-pulled.less" server="ftp.myamyacf.com" local="131784074400000000" remote="131789896200000000" Dst="2" />
<file name="core.less" server="ftp.myamyacf.com" local="131784074400000000" remote="131789896200000000" Dst="2" />
<file name="variables.less" server="ftp.myamyacf.com" local="131784074400000000" remote="131789896800000000" Dst="2" />
<file name="stacked.less" server="ftp.myamyacf.com" local="131784074400000000" remote="131789896800000000" Dst="2" />
<file name="spinning.less" server="ftp.myamyacf.com" local="131784074400000000" remote="131789896800000000" Dst="2" />
<file name="rotated-flipped.less" server="ftp.myamyacf.com" local="131784074400000000" remote="131789896800000000" Dst="2" />
<file name="path.less" server="ftp.myamyacf.com" local="131784074400000000" remote="131789896800000000" Dst="2" />
<file name="mixins.less" server="ftp.myamyacf.com" local="131784074400000000" remote="131789896800000000" Dst="2" />
<file name="list.less" server="ftp.myamyacf.com" local="131784074400000000" remote="131789896800000000" Dst="2" />
<file name="larger.less" server="ftp.myamyacf.com" local="131784074400000000" remote="131789896800000000" Dst="2" />
<file name="icons.less" server="ftp.myamyacf.com" local="131784074400000000" remote="131789896800000000" Dst="2" />
<file name="font-awesome.less" server="ftp.myamyacf.com" local="131784074400000000" remote="131789896800000000" Dst="2" />
<file name="fixed-width.less" server="ftp.myamyacf.com" local="131784074400000000" remote="131789896800000000" Dst="2" />
<file name="bordered-pulled.less" server="exfligo.myamyacf.com" local="131789896200000000" remote="131789896200000000" Dst="2" />
<file name="bordered-pulled.less" server="C:/wamp64/www/exfligo.com/" local="131789896200000000" remote="131789896200000000" Dst="2" />
<file name="core.less" server="C:/wamp64/www/exfligo.com/" local="131784074400000000" remote="131784074400000000" Dst="2" />
<file name="fixed-width.less" server="C:/wamp64/www/exfligo.com/" local="131784074400000000" remote="131784074400000000" Dst="2" />
<file name="font-awesome.css" server="C:/wamp64/www/exfligo.com/" local="131792084167957784" remote="131792084160000000" Dst="2" />
<file name="font-awesome.less" server="C:/wamp64/www/exfligo.com/" local="131784074400000000" remote="131784074400000000" Dst="2" />
<file name="icons.less" server="C:/wamp64/www/exfligo.com/" local="131784074400000000" remote="131784074400000000" Dst="2" />
<file name="larger.less" server="C:/wamp64/www/exfligo.com/" local="131784074400000000" remote="131784074400000000" Dst="2" />
<file name="list.less" server="C:/wamp64/www/exfligo.com/" local="131784074400000000" remote="131784074400000000" Dst="2" />
<file name="mixins.less" server="C:/wamp64/www/exfligo.com/" local="131784074400000000" remote="131784074400000000" Dst="2" />
<file name="path.less" server="C:/wamp64/www/exfligo.com/" local="131784074400000000" remote="131784074400000000" Dst="2" />
<file name="rotated-flipped.less" server="C:/wamp64/www/exfligo.com/" local="131784074400000000" remote="131784074400000000" Dst="2" />
<file name="spinning.less" server="C:/wamp64/www/exfligo.com/" local="131784074400000000" remote="131784074400000000" Dst="2" />
<file name="stacked.less" server="C:/wamp64/www/exfligo.com/" local="131784074400000000" remote="131784074400000000" Dst="2" />
<file name="variables.less" server="C:/wamp64/www/exfligo.com/" local="131784074400000000" remote="131784074400000000" Dst="2" />
<file name="font-awesome.css" server="exfligo.myamyacf.com" local="131792084167957784" remote="131792489400000000" Dst="2" />
<file name="bordered-pulled.less" server="C:/xampp/htdocs/exfligo.com/" local="131789932200000000" remote="131789932200000000" Dst="1" />
<file name="core.less" server="C:/xampp/htdocs/exfligo.com/" local="131784110400000000" remote="131784110400000000" Dst="1" />
<file name="fixed-width.less" server="C:/xampp/htdocs/exfligo.com/" local="131784110400000000" remote="131784110400000000" Dst="1" />
<file name="font-awesome.css" server="C:/xampp/htdocs/exfligo.com/" local="131792120160000000" remote="131792120160000000" Dst="1" />
<file name="font-awesome.less" server="C:/xampp/htdocs/exfligo.com/" local="131784110400000000" remote="131784110400000000" Dst="1" />
<file name="icons.less" server="C:/xampp/htdocs/exfligo.com/" local="131784110400000000" remote="131784110400000000" Dst="1" />
<file name="larger.less" server="C:/xampp/htdocs/exfligo.com/" local="131784110400000000" remote="131784110400000000" Dst="1" />
<file name="list.less" server="C:/xampp/htdocs/exfligo.com/" local="131784110400000000" remote="131784110400000000" Dst="1" />
<file name="mixins.less" server="C:/xampp/htdocs/exfligo.com/" local="131784110400000000" remote="131784110400000000" Dst="1" />
<file name="path.less" server="C:/xampp/htdocs/exfligo.com/" local="131784110400000000" remote="131784110400000000" Dst="1" />
<file name="rotated-flipped.less" server="C:/xampp/htdocs/exfligo.com/" local="131784110400000000" remote="131784110400000000" Dst="1" />
<file name="spinning.less" server="C:/xampp/htdocs/exfligo.com/" local="131784110400000000" remote="131784110400000000" Dst="1" />
<file name="stacked.less" server="C:/xampp/htdocs/exfligo.com/" local="131784110400000000" remote="131784110400000000" Dst="1" />
<file name="variables.less" server="C:/xampp/htdocs/exfligo.com/" local="131784110400000000" remote="131784110400000000" Dst="1" />
</dwsync>