<?xml version="1.0" encoding="utf-8" ?>
<dwsync>
<file name="bootstrap.js" server="C:/wamp64/www/exflygo_com/" local="131784073800000000" remote="131784073800000000" Dst="2" />
<file name="bootstrap.min.js" server="C:/wamp64/www/exflygo_com/" local="131784073800000000" remote="131784073800000000" Dst="2" />
<file name="html5shiv.js" server="C:/wamp64/www/exflygo_com/" local="131784073800000000" remote="131784073800000000" Dst="2" />
<file name="jquery.js" server="C:/wamp64/www/exflygo_com/" local="131784073800000000" remote="131784073800000000" Dst="2" />
<file name="bootstrap.js" server="ftp.myamyacf.com" local="131784073800000000" remote="131789896200000000" Dst="2" />
<file name="bootstrap.min.js" server="ftp.myamyacf.com" local="131784073800000000" remote="131789896200000000" Dst="2" />
<file name="html5shiv.js" server="ftp.myamyacf.com" local="131784073800000000" remote="131789896200000000" Dst="2" />
<file name="jquery.js" server="ftp.myamyacf.com" local="131784073800000000" remote="131789896200000000" Dst="2" />
<file name="bootstrap.js" server="exfligo.myamyacf.com" local="131789896200000000" remote="131789896200000000" Dst="2" />
<file name="bootstrap.min.js" server="exfligo.myamyacf.com" local="131789896200000000" remote="131789896200000000" Dst="2" />
<file name="html5shiv.js" server="exfligo.myamyacf.com" local="131789896200000000" remote="131789896200000000" Dst="2" />
<file name="jquery.js" server="exfligo.myamyacf.com" local="131789896200000000" remote="131789896200000000" Dst="2" />
<file name="bootstrap.js" server="C:/wamp64/www/exfligo.com/" local="131789896200000000" remote="131789896200000000" Dst="2" />
<file name="bootstrap.min.js" server="C:/wamp64/www/exfligo.com/" local="131789896200000000" remote="131789896200000000" Dst="2" />
<file name="html5shiv.js" server="C:/wamp64/www/exfligo.com/" local="131789896200000000" remote="131789896200000000" Dst="2" />
<file name="jquery.js" server="C:/wamp64/www/exfligo.com/" local="131789896200000000" remote="131789896200000000" Dst="2" />
<file name="bootstrap.js" server="C:/xampp/htdocs/exfligo.com/" local="131789932200000000" remote="131789932200000000" Dst="1" />
<file name="bootstrap.min.js" server="C:/xampp/htdocs/exfligo.com/" local="131789932200000000" remote="131789932200000000" Dst="1" />
<file name="html5shiv.js" server="C:/xampp/htdocs/exfligo.com/" local="131789932200000000" remote="131789932200000000" Dst="1" />
<file name="jquery.js" server="C:/xampp/htdocs/exfligo.com/" local="131789932200000000" remote="131789932200000000" Dst="1" />
</dwsync>