<?xml version="1.0" encoding="utf-8" ?>
<dwsync>
<file name="Thumbs.db" server="ftp.myamyacf.com" local="131702769000000000" remote="131702769000000000" Dst="2" />
<file name="parallels.logo.gif" server="ftp.myamyacf.com" local="131702769000000000" remote="131702769000000000" Dst="2" />
<file name="parallels.but.gif" server="ftp.myamyacf.com" local="131702769000000000" remote="131702769000000000" Dst="2" />
<file name="logo_hsphere.gif" server="ftp.myamyacf.com" local="131702769000000000" remote="131702769000000000" Dst="2" />
<file name="head_tile.jpg" server="ftp.myamyacf.com" local="131702769000000000" remote="131702769000000000" Dst="2" />
<file name="box.jpg" server="ftp.myamyacf.com" local="131702769000000000" remote="131702769000000000" Dst="2" />
<file name="box.jpg" server="C:/wamp64/www/exflygo_com/" local="131702769000000000" remote="131702769000000000" Dst="2" />
<file name="head_tile.jpg" server="C:/wamp64/www/exflygo_com/" local="131702769000000000" remote="131702769000000000" Dst="2" />
<file name="logo_hsphere.gif" server="C:/wamp64/www/exflygo_com/" local="131702769000000000" remote="131702769000000000" Dst="2" />
<file name="parallels.but.gif" server="C:/wamp64/www/exflygo_com/" local="131702769000000000" remote="131702769000000000" Dst="2" />
<file name="parallels.logo.gif" server="C:/wamp64/www/exflygo_com/" local="131702769000000000" remote="131702769000000000" Dst="2" />
<file name="Thumbs.db" server="C:/wamp64/www/exflygo_com/" local="131702769000000000" remote="131702769000000000" Dst="2" />
<file name="Thumbs.db" server="exfligo.myamyacf.com" local="131702769000000000" remote="131791715400000000" Dst="2" />
<file name="parallels.logo.gif" server="exfligo.myamyacf.com" local="131702769000000000" remote="131791715400000000" Dst="2" />
<file name="parallels.but.gif" server="exfligo.myamyacf.com" local="131702769000000000" remote="131791715400000000" Dst="2" />
<file name="logo_hsphere.gif" server="exfligo.myamyacf.com" local="131702769000000000" remote="131791715400000000" Dst="2" />
<file name="head_tile.jpg" server="exfligo.myamyacf.com" local="131702769000000000" remote="131791715400000000" Dst="2" />
<file name="box.jpg" server="exfligo.myamyacf.com" local="131702769000000000" remote="131791715400000000" Dst="2" />
<file name="box.jpg" server="C:/wamp64/www/exfligo.com/" local="131702769000000000" remote="131702769000000000" Dst="2" />
<file name="head_tile.jpg" server="C:/wamp64/www/exfligo.com/" local="131702769000000000" remote="131702769000000000" Dst="2" />
<file name="logo_hsphere.gif" server="C:/wamp64/www/exfligo.com/" local="131702769000000000" remote="131702769000000000" Dst="2" />
<file name="parallels.but.gif" server="C:/wamp64/www/exfligo.com/" local="131702769000000000" remote="131702769000000000" Dst="2" />
<file name="parallels.logo.gif" server="C:/wamp64/www/exfligo.com/" local="131702769000000000" remote="131702769000000000" Dst="2" />
<file name="Thumbs.db" server="C:/wamp64/www/exfligo.com/" local="131702769000000000" remote="131702769000000000" Dst="2" />
<file name="box.jpg" server="C:/xampp/htdocs/exfligo.com/" local="131702805000000000" remote="131702805000000000" Dst="1" />
<file name="head_tile.jpg" server="C:/xampp/htdocs/exfligo.com/" local="131702805000000000" remote="131702805000000000" Dst="1" />
<file name="logo_hsphere.gif" server="C:/xampp/htdocs/exfligo.com/" local="131702805000000000" remote="131702805000000000" Dst="1" />
<file name="parallels.but.gif" server="C:/xampp/htdocs/exfligo.com/" local="131702805000000000" remote="131702805000000000" Dst="1" />
<file name="parallels.logo.gif" server="C:/xampp/htdocs/exfligo.com/" local="131702805000000000" remote="131702805000000000" Dst="1" />
<file name="Thumbs.db" server="C:/xampp/htdocs/exfligo.com/" local="131702805000000000" remote="131702805000000000" Dst="1" />
</dwsync>