<?xml version="1.0" encoding="utf-8" ?>
<dwsync>
<file name="_bordered-pulled.scss" server="C:/wamp64/www/exflygo_com/" local="131784074400000000" remote="131784074400000000" Dst="2" />
<file name="_core.scss" server="C:/wamp64/www/exflygo_com/" local="131784074400000000" remote="131784074400000000" Dst="2" />
<file name="_fixed-width.scss" server="C:/wamp64/www/exflygo_com/" local="131784074400000000" remote="131784074400000000" Dst="2" />
<file name="_icons.scss" server="C:/wamp64/www/exflygo_com/" local="131784074400000000" remote="131784074400000000" Dst="2" />
<file name="_larger.scss" server="C:/wamp64/www/exflygo_com/" local="131784074400000000" remote="131784074400000000" Dst="2" />
<file name="_list.scss" server="C:/wamp64/www/exflygo_com/" local="131784074400000000" remote="131784074400000000" Dst="2" />
<file name="_mixins.scss" server="C:/wamp64/www/exflygo_com/" local="131784074400000000" remote="131784074400000000" Dst="2" />
<file name="_path.scss" server="C:/wamp64/www/exflygo_com/" local="131784074400000000" remote="131784074400000000" Dst="2" />
<file name="_rotated-flipped.scss" server="C:/wamp64/www/exflygo_com/" local="131784074400000000" remote="131784074400000000" Dst="2" />
<file name="_spinning.scss" server="C:/wamp64/www/exflygo_com/" local="131784074400000000" remote="131784074400000000" Dst="2" />
<file name="_stacked.scss" server="C:/wamp64/www/exflygo_com/" local="131784074400000000" remote="131784074400000000" Dst="2" />
<file name="_variables.scss" server="C:/wamp64/www/exflygo_com/" local="131784074400000000" remote="131784074400000000" Dst="2" />
<file name="font-awesome.scss" server="C:/wamp64/www/exflygo_com/" local="131784074400000000" remote="131784074400000000" Dst="2" />
<file name="font-awesome.css" server="C:/wamp64/www/exflygo_com/" local="131784177493205286" remote="131784177490000000" Dst="2" />
<file name="font-awesome.css" server="ftp.myamyacf.com" local="131784177493205286" remote="131789896800000000" Dst="2" />
<file name="font-awesome.scss" server="ftp.myamyacf.com" local="131784074400000000" remote="131789896800000000" Dst="2" />
<file name="_variables.scss" server="ftp.myamyacf.com" local="131784074400000000" remote="131789896800000000" Dst="2" />
<file name="_stacked.scss" server="ftp.myamyacf.com" local="131784074400000000" remote="131789896800000000" Dst="2" />
<file name="_spinning.scss" server="ftp.myamyacf.com" local="131784074400000000" remote="131789896800000000" Dst="2" />
<file name="_rotated-flipped.scss" server="ftp.myamyacf.com" local="131784074400000000" remote="131789896800000000" Dst="2" />
<file name="_path.scss" server="ftp.myamyacf.com" local="131784074400000000" remote="131789896800000000" Dst="2" />
<file name="_mixins.scss" server="ftp.myamyacf.com" local="131784074400000000" remote="131789896800000000" Dst="2" />
<file name="_list.scss" server="ftp.myamyacf.com" local="131784074400000000" remote="131789896800000000" Dst="2" />
<file name="_larger.scss" server="ftp.myamyacf.com" local="131784074400000000" remote="131789896800000000" Dst="2" />
<file name="_icons.scss" server="ftp.myamyacf.com" local="131784074400000000" remote="131789896800000000" Dst="2" />
<file name="_fixed-width.scss" server="ftp.myamyacf.com" local="131784074400000000" remote="131789896800000000" Dst="2" />
<file name="_core.scss" server="ftp.myamyacf.com" local="131784074400000000" remote="131789896800000000" Dst="2" />
<file name="_bordered-pulled.scss" server="ftp.myamyacf.com" local="131784074400000000" remote="131789896800000000" Dst="2" />
<file name="font-awesome.css" server="C:/wamp64/www/exfligo.com/" local="131792098418427528" remote="131792098410000000" Dst="2" />
<file name="font-awesome.scss" server="C:/wamp64/www/exfligo.com/" local="131784074400000000" remote="131784074400000000" Dst="2" />
<file name="_bordered-pulled.scss" server="C:/wamp64/www/exfligo.com/" local="131784074400000000" remote="131784074400000000" Dst="2" />
<file name="_core.scss" server="C:/wamp64/www/exfligo.com/" local="131784074400000000" remote="131784074400000000" Dst="2" />
<file name="_fixed-width.scss" server="C:/wamp64/www/exfligo.com/" local="131784074400000000" remote="131784074400000000" Dst="2" />
<file name="_icons.scss" server="C:/wamp64/www/exfligo.com/" local="131784074400000000" remote="131784074400000000" Dst="2" />
<file name="_larger.scss" server="C:/wamp64/www/exfligo.com/" local="131784074400000000" remote="131784074400000000" Dst="2" />
<file name="_list.scss" server="C:/wamp64/www/exfligo.com/" local="131784074400000000" remote="131784074400000000" Dst="2" />
<file name="_mixins.scss" server="C:/wamp64/www/exfligo.com/" local="131784074400000000" remote="131784074400000000" Dst="2" />
<file name="_path.scss" server="C:/wamp64/www/exfligo.com/" local="131784074400000000" remote="131784074400000000" Dst="2" />
<file name="_rotated-flipped.scss" server="C:/wamp64/www/exfligo.com/" local="131784074400000000" remote="131784074400000000" Dst="2" />
<file name="_spinning.scss" server="C:/wamp64/www/exfligo.com/" local="131784074400000000" remote="131784074400000000" Dst="2" />
<file name="_stacked.scss" server="C:/wamp64/www/exfligo.com/" local="131784074400000000" remote="131784074400000000" Dst="2" />
<file name="_variables.scss" server="C:/wamp64/www/exfligo.com/" local="131784074400000000" remote="131784074400000000" Dst="2" />
<file name="font-awesome.css" server="exfligo.myamyacf.com" local="131792098418427528" remote="131792489400000000" Dst="2" />
<file name="_bordered-pulled.scss" server="C:/xampp/htdocs/exfligo.com/" local="131784110400000000" remote="131784110400000000" Dst="1" />
<file name="_core.scss" server="C:/xampp/htdocs/exfligo.com/" local="131784110400000000" remote="131784110400000000" Dst="1" />
<file name="_fixed-width.scss" server="C:/xampp/htdocs/exfligo.com/" local="131784110400000000" remote="131784110400000000" Dst="1" />
<file name="_icons.scss" server="C:/xampp/htdocs/exfligo.com/" local="131784110400000000" remote="131784110400000000" Dst="1" />
<file name="_larger.scss" server="C:/xampp/htdocs/exfligo.com/" local="131784110400000000" remote="131784110400000000" Dst="1" />
<file name="_list.scss" server="C:/xampp/htdocs/exfligo.com/" local="131784110400000000" remote="131784110400000000" Dst="1" />
<file name="_mixins.scss" server="C:/xampp/htdocs/exfligo.com/" local="131784110400000000" remote="131784110400000000" Dst="1" />
<file name="_path.scss" server="C:/xampp/htdocs/exfligo.com/" local="131784110400000000" remote="131784110400000000" Dst="1" />
<file name="_rotated-flipped.scss" server="C:/xampp/htdocs/exfligo.com/" local="131784110400000000" remote="131784110400000000" Dst="1" />
<file name="_spinning.scss" server="C:/xampp/htdocs/exfligo.com/" local="131784110400000000" remote="131784110400000000" Dst="1" />
<file name="_stacked.scss" server="C:/xampp/htdocs/exfligo.com/" local="131784110400000000" remote="131784110400000000" Dst="1" />
<file name="_variables.scss" server="C:/xampp/htdocs/exfligo.com/" local="131784110400000000" remote="131784110400000000" Dst="1" />
<file name="font-awesome.css" server="C:/xampp/htdocs/exfligo.com/" local="131792134410000000" remote="131792134410000000" Dst="1" />
<file name="font-awesome.scss" server="C:/xampp/htdocs/exfligo.com/" local="131784110400000000" remote="131784110400000000" Dst="1" />
</dwsync>