<?xml version="1.0" encoding="utf-8" ?>
<dwsync>
<file name="ajax-loader.gif" server="C:/wamp64/www/exfligo.com/" local="131795219503536602" remote="131795219500000000" Dst="2" />
<file name="slick-theme.css" server="C:/wamp64/www/exfligo.com/" local="131795219640986040" remote="131795219640000000" Dst="2" />
<file name="slick.css" server="C:/wamp64/www/exfligo.com/" local="131795219640053534" remote="131795219640000000" Dst="2" />
<file name="slick.min.js" server="C:/wamp64/www/exfligo.com/" local="131795219507428429" remote="131795219500000000" Dst="2" />
<file name="ajax-loader.gif" server="C:/xampp/htdocs/exfligo.com/" local="131795255500000000" remote="131795255500000000" Dst="1" />
<file name="config.rb" server="C:/xampp/htdocs/exfligo.com/" local="131795255500000000" remote="131795255500000000" Dst="1" />
<file name="slick-theme.css" server="C:/xampp/htdocs/exfligo.com/" local="131795255640000000" remote="131795255640000000" Dst="1" />
<file name="slick-theme.less" server="C:/xampp/htdocs/exfligo.com/" local="131795255500000000" remote="131795255500000000" Dst="1" />
<file name="slick-theme.scss" server="C:/xampp/htdocs/exfligo.com/" local="131795255500000000" remote="131795255500000000" Dst="1" />
<file name="slick.css" server="C:/xampp/htdocs/exfligo.com/" local="131795255640000000" remote="131795255640000000" Dst="1" />
<file name="slick.js" server="C:/xampp/htdocs/exfligo.com/" local="131795255500000000" remote="131795255500000000" Dst="1" />
<file name="slick.less" server="C:/xampp/htdocs/exfligo.com/" local="131795255500000000" remote="131795255500000000" Dst="1" />
<file name="slick.min.js" server="C:/xampp/htdocs/exfligo.com/" local="131795255500000000" remote="131795255500000000" Dst="1" />
<file name="slick.scss" server="C:/xampp/htdocs/exfligo.com/" local="131795255500000000" remote="131795255500000000" Dst="1" />
</dwsync>