<?xml version="1.0" encoding="utf-8" ?>
<dwsync>
<file name="initialize.php" server="C:/wamp64/www/exflygo_com/" local="131791878057935166" remote="131791878050000000" Dst="2" />
<file name="initialize.php" server="exfligo.myamyacf.com" local="131792018850722369" remote="131792040600000000" Dst="2" />
<file name="functions.php" server="C:/wamp64/www/exflygo_com/" local="131791854490000000" remote="131791854490000000" Dst="2" />
<file name="functions.php" server="exfligo.myamyacf.com" local="131792002303417783" remote="131791966200000000" Dst="2" />
<file name="functions.php" server="C:/wamp64/www/exfligo.com/" local="131792002303417783" remote="131792002300000000" Dst="2" />
<file name="initialize.php" server="C:/wamp64/www/exfligo.com/" local="131792018850722369" remote="131792018850000000" Dst="2" />
<file name="index.php" server="C:/wamp64/www/exfligo.com/" local="131791720800000000" remote="131791720800000000" Dst="2" />
<file name="initialize.php" server="C:/xampp/htdocs/exfligo.com/" local="132717885522255614" remote="132717885520000000" Dst="2" />
<file name="functions.php" server="C:/xampp/htdocs/exfligo.com/" local="131792038300000000" remote="131792038300000000" Dst="1" />
<file name="index.php" server="C:/xampp/htdocs/exfligo.com/" local="131791756800000000" remote="131791756800000000" Dst="1" />
</dwsync>