<?xml version="1.0" encoding="utf-8" ?>
<dwsync>
<file name="browser-icon-chrome.png" server="C:/wamp64/www/exflygo_com/" local="131784073800000000" remote="131784073800000000" Dst="2" />
<file name="browser-icon-firefox.png" server="C:/wamp64/www/exflygo_com/" local="131784073800000000" remote="131784073800000000" Dst="2" />
<file name="browser-icon-safari.png" server="C:/wamp64/www/exflygo_com/" local="131784073800000000" remote="131784073800000000" Dst="2" />
<file name="slide-01.jpg" server="C:/wamp64/www/exflygo_com/" local="131784073800000000" remote="131784073800000000" Dst="2" />
<file name="slide-02.jpg" server="C:/wamp64/www/exflygo_com/" local="131784073800000000" remote="131784073800000000" Dst="2" />
<file name="slide-03.jpg" server="C:/wamp64/www/exflygo_com/" local="131784073800000000" remote="131784073800000000" Dst="2" />
<file name="browser-icon-chrome.png" server="ftp.myamyacf.com" local="131784073800000000" remote="131789895600000000" Dst="2" />
<file name="browser-icon-firefox.png" server="ftp.myamyacf.com" local="131784073800000000" remote="131789895600000000" Dst="2" />
<file name="browser-icon-safari.png" server="ftp.myamyacf.com" local="131784073800000000" remote="131789895600000000" Dst="2" />
<file name="slide-01.jpg" server="ftp.myamyacf.com" local="131784073800000000" remote="131789895600000000" Dst="2" />
<file name="slide-02.jpg" server="ftp.myamyacf.com" local="131784073800000000" remote="131789895600000000" Dst="2" />
<file name="slide-03.jpg" server="ftp.myamyacf.com" local="131784073800000000" remote="131789896200000000" Dst="2" />
<file name="browser-icon-chrome.png" server="exfligo.myamyacf.com" local="131789895600000000" remote="131789895600000000" Dst="2" />
<file name="browser-icon-firefox.png" server="exfligo.myamyacf.com" local="131789895600000000" remote="131789895600000000" Dst="2" />
<file name="browser-icon-safari.png" server="exfligo.myamyacf.com" local="131789895600000000" remote="131789895600000000" Dst="2" />
<file name="slide-01.jpg" server="exfligo.myamyacf.com" local="131789895600000000" remote="131789895600000000" Dst="2" />
<file name="slide-02.jpg" server="exfligo.myamyacf.com" local="131789895600000000" remote="131789895600000000" Dst="2" />
<file name="slide-03.jpg" server="exfligo.myamyacf.com" local="131789896200000000" remote="131789896200000000" Dst="2" />
<file name="browser-icon-chrome.png" server="C:/wamp64/www/exfligo.com/" local="131789895600000000" remote="131789895600000000" Dst="2" />
<file name="browser-icon-firefox.png" server="C:/wamp64/www/exfligo.com/" local="131789895600000000" remote="131789895600000000" Dst="2" />
<file name="browser-icon-safari.png" server="C:/wamp64/www/exfligo.com/" local="131789895600000000" remote="131789895600000000" Dst="2" />
<file name="slide-01.jpg" server="C:/wamp64/www/exfligo.com/" local="131789895600000000" remote="131789895600000000" Dst="2" />
<file name="slide-02.jpg" server="C:/wamp64/www/exfligo.com/" local="131789895600000000" remote="131789895600000000" Dst="2" />
<file name="slide-03.jpg" server="C:/wamp64/www/exfligo.com/" local="131789896200000000" remote="131789896200000000" Dst="2" />
<file name="browser-icon-chrome.png" server="C:/xampp/htdocs/exfligo.com/" local="131789931600000000" remote="131789931600000000" Dst="1" />
<file name="browser-icon-firefox.png" server="C:/xampp/htdocs/exfligo.com/" local="131789931600000000" remote="131789931600000000" Dst="1" />
<file name="browser-icon-safari.png" server="C:/xampp/htdocs/exfligo.com/" local="131789931600000000" remote="131789931600000000" Dst="1" />
<file name="slide-01.jpg" server="C:/xampp/htdocs/exfligo.com/" local="131789931600000000" remote="131789931600000000" Dst="1" />
<file name="slide-02.jpg" server="C:/xampp/htdocs/exfligo.com/" local="131789931600000000" remote="131789931600000000" Dst="1" />
<file name="slide-03.jpg" server="C:/xampp/htdocs/exfligo.com/" local="131789932200000000" remote="131789932200000000" Dst="1" />
</dwsync>