<?xml version="1.0" encoding="utf-8" ?>
<dwsync>
<file name="README.LICENSE" server="ftp.myamyacf.com" local="131702769000000000" remote="131702769000000000" Dst="2" />
<file name="README.DOCUMENTATION" server="ftp.myamyacf.com" local="131702769000000000" remote="131702769000000000" Dst="2" />
<file name="index.html" server="ftp.myamyacf.com" local="131702769000000000" remote="131702769000000000" Dst="2" />
<file name="CHANGES" server="ftp.myamyacf.com" local="131702769000000000" remote="131702769000000000" Dst="2" />
<file name="CHANGES" server="C:/wamp64/www/exflygo_com/" local="131702769000000000" remote="131702769000000000" Dst="2" />
<file name="index.html" server="C:/wamp64/www/exflygo_com/" local="131702769000000000" remote="131702769000000000" Dst="2" />
<file name="README.DOCUMENTATION" server="C:/wamp64/www/exflygo_com/" local="131702769000000000" remote="131702769000000000" Dst="2" />
<file name="README.LICENSE" server="C:/wamp64/www/exflygo_com/" local="131702769000000000" remote="131702769000000000" Dst="2" />
<file name="README.LICENSE" server="exfligo.myamyacf.com" local="131702769000000000" remote="131791716000000000" Dst="2" />
<file name="README.DOCUMENTATION" server="exfligo.myamyacf.com" local="131702769000000000" remote="131791716000000000" Dst="2" />
<file name="index.html" server="exfligo.myamyacf.com" local="131702769000000000" remote="131791716000000000" Dst="2" />
<file name="CHANGES" server="exfligo.myamyacf.com" local="131702769000000000" remote="131791716000000000" Dst="2" />
<file name="CHANGES" server="C:/wamp64/www/exfligo.com/" local="131702769000000000" remote="131702769000000000" Dst="2" />
<file name="index.html" server="C:/wamp64/www/exfligo.com/" local="131702769000000000" remote="131702769000000000" Dst="2" />
<file name="README.DOCUMENTATION" server="C:/wamp64/www/exfligo.com/" local="131702769000000000" remote="131702769000000000" Dst="2" />
<file name="README.LICENSE" server="C:/wamp64/www/exfligo.com/" local="131702769000000000" remote="131702769000000000" Dst="2" />
<file name="CHANGES" server="C:/xampp/htdocs/exfligo.com/" local="131702805000000000" remote="131702805000000000" Dst="1" />
<file name="index.html" server="C:/xampp/htdocs/exfligo.com/" local="131702805000000000" remote="131702805000000000" Dst="1" />
<file name="README.DOCUMENTATION" server="C:/xampp/htdocs/exfligo.com/" local="131702805000000000" remote="131702805000000000" Dst="1" />
<file name="README.LICENSE" server="C:/xampp/htdocs/exfligo.com/" local="131702805000000000" remote="131702805000000000" Dst="1" />
</dwsync>