<?xml version="1.0" encoding="utf-8" ?>
<dwsync>
<file name="font-awesome.css" server="C:/wamp64/www/exflygo_com/" local="131784074400000000" remote="131784074400000000" Dst="2" />
<file name="font-awesome.min.css" server="C:/wamp64/www/exflygo_com/" local="131784074400000000" remote="131784074400000000" Dst="2" />
<file name="font-awesome.css" server="ftp.myamyacf.com" local="131784074400000000" remote="131789896200000000" Dst="2" />
<file name="font-awesome.min.css" server="ftp.myamyacf.com" local="131784074400000000" remote="131789896200000000" Dst="2" />
<file name="font-awesome.css" server="exfligo.myamyacf.com" local="131789896200000000" remote="131789896200000000" Dst="2" />
<file name="font-awesome.min.css" server="exfligo.myamyacf.com" local="131789896200000000" remote="131789896200000000" Dst="2" />
<file name="font-awesome.css" server="C:/wamp64/www/exfligo.com/" local="131789896200000000" remote="131789896200000000" Dst="2" />
<file name="font-awesome.min.css" server="C:/wamp64/www/exfligo.com/" local="131789896200000000" remote="131789896200000000" Dst="2" />
<file name="font-awesome.css" server="C:/xampp/htdocs/exfligo.com/" local="131789932200000000" remote="131789932200000000" Dst="1" />
<file name="font-awesome.min.css" server="C:/xampp/htdocs/exfligo.com/" local="131789932200000000" remote="131789932200000000" Dst="1" />
</dwsync>