<?xml version="1.0" encoding="utf-8" ?>
<dwsync>
<file name="font-awesome.scss" server="ftp.myamyacf.com" local="131770090800000000" remote="131770090800000000" Dst="2" />
<file name="_variables.scss" server="ftp.myamyacf.com" local="131770090800000000" remote="131770090800000000" Dst="2" />
<file name="_stacked.scss" server="ftp.myamyacf.com" local="131770090800000000" remote="131770090800000000" Dst="2" />
<file name="_spinning.scss" server="ftp.myamyacf.com" local="131770090800000000" remote="131770090800000000" Dst="2" />
<file name="_rotated-flipped.scss" server="ftp.myamyacf.com" local="131770090800000000" remote="131770090800000000" Dst="2" />
<file name="_path.scss" server="ftp.myamyacf.com" local="131770090800000000" remote="131770090800000000" Dst="2" />
<file name="_mixins.scss" server="ftp.myamyacf.com" local="131770090800000000" remote="131770090800000000" Dst="2" />
<file name="_list.scss" server="ftp.myamyacf.com" local="131770090800000000" remote="131770090800000000" Dst="2" />
<file name="_larger.scss" server="ftp.myamyacf.com" local="131770090800000000" remote="131770090800000000" Dst="2" />
<file name="_icons.scss" server="ftp.myamyacf.com" local="131770090800000000" remote="131770090800000000" Dst="2" />
<file name="_fixed-width.scss" server="ftp.myamyacf.com" local="131770090800000000" remote="131770090800000000" Dst="2" />
<file name="_core.scss" server="ftp.myamyacf.com" local="131770090800000000" remote="131770090800000000" Dst="2" />
<file name="_bordered-pulled.scss" server="ftp.myamyacf.com" local="131770090800000000" remote="131770090800000000" Dst="2" />
<file name="font-awesome.css" server="C:/wamp64/www/exflygo_com/" local="131789515672128023" remote="131789515670000000" Dst="2" />
<file name="_bordered-pulled.scss" server="C:/wamp64/www/exflygo_com/" local="131770090800000000" remote="131770090800000000" Dst="2" />
<file name="_core.scss" server="C:/wamp64/www/exflygo_com/" local="131770090800000000" remote="131770090800000000" Dst="2" />
<file name="_fixed-width.scss" server="C:/wamp64/www/exflygo_com/" local="131770090800000000" remote="131770090800000000" Dst="2" />
<file name="_icons.scss" server="C:/wamp64/www/exflygo_com/" local="131770090800000000" remote="131770090800000000" Dst="2" />
<file name="_larger.scss" server="C:/wamp64/www/exflygo_com/" local="131770090800000000" remote="131770090800000000" Dst="2" />
<file name="_list.scss" server="C:/wamp64/www/exflygo_com/" local="131770090800000000" remote="131770090800000000" Dst="2" />
<file name="_mixins.scss" server="C:/wamp64/www/exflygo_com/" local="131770090800000000" remote="131770090800000000" Dst="2" />
<file name="_path.scss" server="C:/wamp64/www/exflygo_com/" local="131770090800000000" remote="131770090800000000" Dst="2" />
<file name="_rotated-flipped.scss" server="C:/wamp64/www/exflygo_com/" local="131770090800000000" remote="131770090800000000" Dst="2" />
<file name="_spinning.scss" server="C:/wamp64/www/exflygo_com/" local="131770090800000000" remote="131770090800000000" Dst="2" />
<file name="_stacked.scss" server="C:/wamp64/www/exflygo_com/" local="131770090800000000" remote="131770090800000000" Dst="2" />
<file name="_variables.scss" server="C:/wamp64/www/exflygo_com/" local="131770090800000000" remote="131770090800000000" Dst="2" />
<file name="font-awesome.scss" server="C:/wamp64/www/exflygo_com/" local="131770090800000000" remote="131770090800000000" Dst="2" />
<file name="font-awesome.scss" server="exfligo.myamyacf.com" local="131770090800000000" remote="131791715400000000" Dst="2" />
<file name="font-awesome.css" server="exfligo.myamyacf.com" local="131789515678151081" remote="131791715400000000" Dst="2" />
<file name="_variables.scss" server="exfligo.myamyacf.com" local="131770090800000000" remote="131791716000000000" Dst="2" />
<file name="_stacked.scss" server="exfligo.myamyacf.com" local="131770090800000000" remote="131791716000000000" Dst="2" />
<file name="_spinning.scss" server="exfligo.myamyacf.com" local="131770090800000000" remote="131791716000000000" Dst="2" />
<file name="_rotated-flipped.scss" server="exfligo.myamyacf.com" local="131770090800000000" remote="131791716000000000" Dst="2" />
<file name="_path.scss" server="exfligo.myamyacf.com" local="131770090800000000" remote="131791716000000000" Dst="2" />
<file name="_mixins.scss" server="exfligo.myamyacf.com" local="131770090800000000" remote="131791716000000000" Dst="2" />
<file name="_list.scss" server="exfligo.myamyacf.com" local="131770090800000000" remote="131791716000000000" Dst="2" />
<file name="_larger.scss" server="exfligo.myamyacf.com" local="131770090800000000" remote="131791716000000000" Dst="2" />
<file name="_icons.scss" server="exfligo.myamyacf.com" local="131770090800000000" remote="131791716000000000" Dst="2" />
<file name="_fixed-width.scss" server="exfligo.myamyacf.com" local="131770090800000000" remote="131791716000000000" Dst="2" />
<file name="_core.scss" server="exfligo.myamyacf.com" local="131770090800000000" remote="131791716000000000" Dst="2" />
<file name="_bordered-pulled.scss" server="exfligo.myamyacf.com" local="131770090800000000" remote="131791716000000000" Dst="2" />
<file name="font-awesome.css" server="C:/wamp64/www/exfligo.com/" local="131789515678151081" remote="131789515670000000" Dst="2" />
<file name="font-awesome.scss" server="C:/wamp64/www/exfligo.com/" local="131770090800000000" remote="131770090800000000" Dst="2" />
<file name="_bordered-pulled.scss" server="C:/wamp64/www/exfligo.com/" local="131770090800000000" remote="131770090800000000" Dst="2" />
<file name="_core.scss" server="C:/wamp64/www/exfligo.com/" local="131770090800000000" remote="131770090800000000" Dst="2" />
<file name="_fixed-width.scss" server="C:/wamp64/www/exfligo.com/" local="131770090800000000" remote="131770090800000000" Dst="2" />
<file name="_icons.scss" server="C:/wamp64/www/exfligo.com/" local="131770090800000000" remote="131770090800000000" Dst="2" />
<file name="_larger.scss" server="C:/wamp64/www/exfligo.com/" local="131770090800000000" remote="131770090800000000" Dst="2" />
<file name="_list.scss" server="C:/wamp64/www/exfligo.com/" local="131770090800000000" remote="131770090800000000" Dst="2" />
<file name="_mixins.scss" server="C:/wamp64/www/exfligo.com/" local="131770090800000000" remote="131770090800000000" Dst="2" />
<file name="_path.scss" server="C:/wamp64/www/exfligo.com/" local="131770090800000000" remote="131770090800000000" Dst="2" />
<file name="_rotated-flipped.scss" server="C:/wamp64/www/exfligo.com/" local="131770090800000000" remote="131770090800000000" Dst="2" />
<file name="_spinning.scss" server="C:/wamp64/www/exfligo.com/" local="131770090800000000" remote="131770090800000000" Dst="2" />
<file name="_stacked.scss" server="C:/wamp64/www/exfligo.com/" local="131770090800000000" remote="131770090800000000" Dst="2" />
<file name="_variables.scss" server="C:/wamp64/www/exfligo.com/" local="131770090800000000" remote="131770090800000000" Dst="2" />
<file name="_bordered-pulled.scss" server="C:/xampp/htdocs/exfligo.com/" local="131770126800000000" remote="131770126800000000" Dst="1" />
<file name="_core.scss" server="C:/xampp/htdocs/exfligo.com/" local="131770126800000000" remote="131770126800000000" Dst="1" />
<file name="_fixed-width.scss" server="C:/xampp/htdocs/exfligo.com/" local="131770126800000000" remote="131770126800000000" Dst="1" />
<file name="_icons.scss" server="C:/xampp/htdocs/exfligo.com/" local="131770126800000000" remote="131770126800000000" Dst="1" />
<file name="_larger.scss" server="C:/xampp/htdocs/exfligo.com/" local="131770126800000000" remote="131770126800000000" Dst="1" />
<file name="_list.scss" server="C:/xampp/htdocs/exfligo.com/" local="131770126800000000" remote="131770126800000000" Dst="1" />
<file name="_mixins.scss" server="C:/xampp/htdocs/exfligo.com/" local="131770126800000000" remote="131770126800000000" Dst="1" />
<file name="_path.scss" server="C:/xampp/htdocs/exfligo.com/" local="131770126800000000" remote="131770126800000000" Dst="1" />
<file name="_rotated-flipped.scss" server="C:/xampp/htdocs/exfligo.com/" local="131770126800000000" remote="131770126800000000" Dst="1" />
<file name="_spinning.scss" server="C:/xampp/htdocs/exfligo.com/" local="131770126800000000" remote="131770126800000000" Dst="1" />
<file name="_stacked.scss" server="C:/xampp/htdocs/exfligo.com/" local="131770126800000000" remote="131770126800000000" Dst="1" />
<file name="_variables.scss" server="C:/xampp/htdocs/exfligo.com/" local="131770126800000000" remote="131770126800000000" Dst="1" />
<file name="font-awesome.css" server="C:/xampp/htdocs/exfligo.com/" local="131789551670000000" remote="131789551670000000" Dst="1" />
<file name="font-awesome.scss" server="C:/xampp/htdocs/exfligo.com/" local="131770126800000000" remote="131770126800000000" Dst="1" />
</dwsync>