<?xml version="1.0" encoding="utf-8" ?>
<dwsync>
<file name=".gitignore" server="C:/xampp/htdocs/exfligo.com/" local="131795255490000000" remote="131795255490000000" Dst="1" />
<file name="bower.json" server="C:/xampp/htdocs/exfligo.com/" local="131795255500000000" remote="131795255500000000" Dst="1" />
<file name="component.json" server="C:/xampp/htdocs/exfligo.com/" local="131795255500000000" remote="131795255500000000" Dst="1" />
<file name="CONTRIBUTING.markdown" server="C:/xampp/htdocs/exfligo.com/" local="131795255490000000" remote="131795255490000000" Dst="1" />
<file name="index.html" server="C:/xampp/htdocs/exfligo.com/" local="131795255500000000" remote="131795255500000000" Dst="1" />
<file name="ISSUE_TEMPLATE.md" server="C:/xampp/htdocs/exfligo.com/" local="131795255500000000" remote="131795255500000000" Dst="1" />
<file name="LICENSE" server="C:/xampp/htdocs/exfligo.com/" local="131795255500000000" remote="131795255500000000" Dst="1" />
<file name="Makefile" server="C:/xampp/htdocs/exfligo.com/" local="131795255500000000" remote="131795255500000000" Dst="1" />
<file name="package.json" server="C:/xampp/htdocs/exfligo.com/" local="131795255500000000" remote="131795255500000000" Dst="1" />
<file name="README.markdown" server="C:/xampp/htdocs/exfligo.com/" local="131795255500000000" remote="131795255500000000" Dst="1" />
<file name="slick.jquery.json" server="C:/xampp/htdocs/exfligo.com/" local="131795255500000000" remote="131795255500000000" Dst="1" />
</dwsync>